Ano,NomeConcelho,CodNomeConcelho,TaxaAbstencao,Brancos,Nulos
2015,Vila Real de Santo António,VILA REAL DE SANTO ANTÃ“NIO,51.4,1.3,1.4
2015,Nazaré,NAZARÃ‰,52.1,2,1.6
2015,Oliveira do Bairro,OLIVEIRA DO BAIRRO,46.1,2.5,1.8
2015,Cuba,CUBA,39,1.6,1.3
2015,Santa Marta de Penaguião,SANTA MARTA DE PENAGUIÃƒO,49.9,1.3,1.4
2015,Tarouca,TAROUCA,53.5,1.4,2
2015,Montemor-o-Velho,MONTEMOR-O-VELHO,44.4,2.8,1.3
2015,Alvito,ALVITO,40,1.7,2.1
2015,Proença-a-Nova,PROENÃ‡A-A-NOVA,38.5,2.1,2.3
2015,Constância,CONSTÃ‚NCIA,36.2,2.6,1.1
2015,Alcácer do Sal,ALCÃ\u0081CER DO SAL,41.1,1.1,0.9
2015,Reguengos de Monsaraz,REGUENGOS DE MONSARAZ,44.7,2.1,1.1
2015,Celorico da Beira,CELORICO DA BEIRA,49,1.2,2.1
2015,Murtosa,MURTOSA,55.7,2.5,1.7
2015,Miranda do Corvo,MIRANDA DO CORVO,42.3,2.5,1.6
2015,Penalva do Castelo,PENALVA DO CASTELO,49.2,2.2,2.7
2015,Ovar,OVAR,42.9,2.5,1.6
2015,Azambuja,AZAMBUJA,41.2,1.7,1.8
2015,Lamego,LAMEGO,45.6,1.3,2.1
2015,Coimbra,COIMBRA,40,2.6,1.2
2015,Loures,LOURES,37.8,1.8,1.7
2015,São Brás de Alportel,SÃƒO BRÃ\u0081S DE ALPORTEL,46.5,2.7,1.8
2015,Póvoa de Lanhoso,PÃ“VOA DE LANHOSO,48.4,2.2,1.3
2015,Abrantes,ABRANTES,41.8,2,1.6
2015,Terras de Bouro,TERRAS DE BOURO,46.5,2.2,1.3
2015,Esposende,ESPOSENDE,44.5,2.6,1.7
2015,Vinhais,VINHAIS,56.7,1.3,1.9
2015,Vimioso,VIMIOSO,59,1.1,2.1
2015,Almada,ALMADA,40.5,1.7,1.5
2015,Alfândega da Fé,ALFÃ‚NDEGA DA FÃ‰,44.8,2,1.9
2015,Cadaval,CADAVAL,42.5,2.5,1.9
2015,Castelo de Vide,CASTELO DE VIDE,35.5,2.7,2
2015,Lousada,LOUSADA,41,1.6,1.3
2015,Crato,CRATO,37.5,2,1.5
2015,Bombarral,BOMBARRAL,43.7,2.7,1.8
2015,Sousel,SOUSEL,36.9,1.4,2
2015,Oliveira de Frades,OLIVEIRA DE FRADES,43.4,2.7,1.9
2015,Viana do Alentejo,VIANA DO ALENTEJO,42.7,1.1,1
2015,Campo Maior,CAMPO MAIOR,40.6,1.2,1
2015,Silves,SILVES,46.4,2.5,1.9
2015,Valongo,VALONGO,39.9,2.1,1.6
2015,Sertã,SERTÃƒ,38.2,2.3,3.2
2015,Barcelos,BARCELOS,35.5,2.3,1.3
2015,Borba,BORBA,37.5,1.4,1.3
2015,Beja,BEJA,40.6,1.8,1.3
2015,Lagos,LAGOS,48,2.7,1.5
2015,Vila Real,VILA REAL,44,1.9,1.5
2015,Gondomar,GONDOMAR,40.3,2,1.6
2015,Almodôvar,ALMODÃ”VAR,42.2,1.2,1.5
2015,Benavente,BENAVENTE,47.2,2.4,1.4
2015,Sátão,SÃ\u0081TÃƒO,55,1.7,2.2
2015,Peso da Régua,PESO DA RÃ‰GUA,50.5,1.7,1.5
2015,Sesimbra,SESIMBRA,43.8,1.8,1.6
2015,Felgueiras,FELGUEIRAS,40.6,1.5,1.3
2015,Mafra,MAFRA,38.8,2.9,1.7
2015,Tomar,TOMAR,41.5,2.5,2.1
2015,Alcochete,ALCOCHETE,37,1.9,1.4
2015,Mirandela,MIRANDELA,51.4,1.6,2.2
2015,Ferreira do Zêzere,FERREIRA DO ZÃŠZERE,38,2.4,3.2
2015,Fafe,FAFE,44.5,2,1.3
2015,Figueira de Castelo Rodrigo,FIGUEIRA DE CASTELO RODRIGO,46.3,1.5,2.1
2015,Melgaço,MELGAÃ‡O,67.1,3.1,1.7
2015,Castelo de Paiva,CASTELO DE PAIVA,41.5,1.6,1.7
2015,Penafiel,PENAFIEL,38.1,1.6,1.7
2015,Mourão,MOURÃƒO,43,1,1.7
2015,Vila Flor,VILA FLOR,50.9,1.6,1.9
2015,Tábua,TÃ\u0081BUA,43.9,1.6,2.4
2015,Seixal,SEIXAL,41.2,1.8,1.7
2015,Coruche,CORUCHE,42.5,1.7,1
2015,Cascais,CASCAIS,40.7,2,1.3
2015,Sardoal,SARDOAL,29.5,1.6,2.5
2015,Ourique,OURIQUE,37.7,2.4,1.9
2015,Murça,MURÃ‡A,52.7,2.1,3.1
2015,Montemor-o-Novo,MONTEMOR-O-NOVO,36.9,1.9,1.2
2015,Peniche,PENICHE,50.4,2.6,1.7
2015,Nisa,NISA,39.6,1.7,1.8
2015,Miranda do Douro,MIRANDA DO DOURO,49.9,2.2,2.3
2015,Vendas Novas,VENDAS NOVAS,42.3,1.7,1.2
2015,Redondo,REDONDO,44.3,1.6,1.3
2015,Freixo de Espada à Cinta,FREIXO DE ESPADA Ã€ CINTA,48.6,1.3,1.4
2015,Mora,MORA,40.7,1.5,1.2
2015,Boticas,BOTICAS,55.8,1.8,1.7
2015,Mira,MIRA,50.3,2.6,1.7
2015,Oeiras,OEIRAS,35.5,2.1,1.4
2015,Vizela,VIZELA,38.9,1.7,1.2
2015,Aljustrel,ALJUSTREL,37.6,1.2,1.1
2015,Guarda,GUARDA,42.4,1.6,2.5
2015,Paredes de Coura,PAREDES DE COURA,54.2,1.7,1.7
2015,Castelo Branco,CASTELO BRANCO,42.2,2.1,1.9
2015,Soure,SOURE,44.1,2.7,1.8
2015,Chaves,CHAVES,54.1,2.1,2
2015,Ponte da Barca,PONTE DA BARCA,54.5,1.8,1.2
2015,Alandroal,ALANDROAL,37.1,0.9,1
2015,Vidigueira,VIDIGUEIRA,43,1.7,1.1
2015,Mealhada,MEALHADA,46.6,3.1,1.6
2015,Vieira do Minho,VIEIRA DO MINHO,49.1,1.5,1.4
2015,Mêda,MÃŠDA,50.8,2.3,2.8
2015,Santo Tirso,SANTO TIRSO,37.6,2,1.2
2015,Vila Nova de Foz Côa,VILA NOVA DE FOZ CÃ”A,53.6,2.1,2.1
2015,Ponte de Lima,PONTE DE LIMA,42.9,2.2,1.7
2015,Évora,Ã‰VORA,39.5,1.9,1.3
2015,Cabeceiras de Basto,CABECEIRAS DE BASTO,46.6,1,1.5
2015,Cartaxo,CARTAXO,42,1.8,1.4
2015,Marinha Grande,MARINHA GRANDE,43.3,2.8,1.6
2015,Moura,MOURA,52.5,1.3,1.1
2015,Oleiros,OLEIROS,37.9,2.2,2.6
2015,Carregal do Sal,CARREGAL DO SAL,50.2,2.7,1.7
2015,Ansião,ANSIÃƒO,40.2,2.2,2
2015,Trancoso,TRANCOSO,49.1,2.9,2.7
2015,Lisboa,LISBOA,37.4,1.7,1.3
2015,Pinhel,PINHEL,49.8,1.9,2.6
2015,Arraiolos,ARRAIOLOS,33.7,1.9,1.6
2015,Espinho,ESPINHO,37.7,2,1.7
2015,Covilhã,COVILHÃƒ,43.1,1.8,1.6
2015,Ponte de Sor,PONTE DE SOR,44.3,1.7,1.5
2015,Almeirim,ALMEIRIM,46.4,2.3,1.5
2015,Amadora,AMADORA,41.1,1.7,1.7
2015,Manteigas,MANTEIGAS,48.4,1.7,2.3
2015,Fornos de Algodres,FORNOS DE ALGODRES,42.8,2.3,2.2
2015,Alcanena,ALCANENA,42.9,2.5,1.6
2015,Golegã,GOLEGÃƒ,41.1,1.9,1.7
2015,Armamar,ARMAMAR,48.1,1,2.6
2015,Viseu,VISEU,46.6,2.3,1.9
2015,Albergaria-a-Velha,ALBERGARIA-A-VELHA,45.1,2.5,1.9
2015,Cantanhede,CANTANHEDE,48.9,2.9,1.9
2015,Rio Maior,RIO MAIOR,41.8,3.2,1.8
2015,Alcobaça,ALCOBAÃ‡A,40.6,2.7,2.4
2015,Portimão,PORTIMÃƒO,48.3,2.2,1.6
2015,Lourinhã,LOURINHÃƒ,43.4,2.6,2.1
2015,Portel,PORTEL,39.2,1.1,1.1
2015,Vila Nova de Cerveira,VILA NOVA DE CERVEIRA,46.4,2.5,1.9
2015,Faro,FARO,45,2.2,1.2
2015,Vila Franca de Xira,VILA FRANCA DE XIRA,38.1,1.8,1.4
2015,Montalegre,MONTALEGRE,59.3,1.7,1.3
2015,Vale de Cambra,VALE DE CAMBRA,40.8,2.3,2.3
2015,Ílhavo,Ã\u008dLHAVO,51.9,3.2,1.7
2015,Mondim de Basto,MONDIM DE BASTO,54.1,1.3,1.4
2015,Alcoutim,ALCOUTIM,41.1,2.1,1.2
2015,Celorico de Basto,CELORICO DE BASTO,48.3,1.8,1.4
2015,Caminha,CAMINHA,46.2,2.6,1.7
2015,Oliveira do Hospital,OLIVEIRA DO HOSPITAL,41.7,2.2,2.3
2015,Salvaterra de Magos,SALVATERRA DE MAGOS,49.9,2.3,1.7
2015,Palmela,PALMELA,42.6,1.9,1.6
2015,Castro Daire,CASTRO DAIRE,53.9,2.1,1.7
2015,São Pedro do Sul,SÃƒO PEDRO DO SUL,47.4,2.6,2
2015,Seia,SEIA,46.2,2.2,2
2015,Paredes,PAREDES,38.3,1.5,2
2015,Estarreja,ESTARREJA,47.7,3,1.7
2015,Guimarães,GUIMARÃƒES,36.9,2.1,1.1
2015,Sabrosa,SABROSA,49.1,1.8,2.1
2015,Cinfães,CINFÃƒES,50,1.3,1.6
2015,Gavião,GAVIÃƒO,33.6,1.2,1.1
2015,Arganil,ARGANIL,41.1,2.5,2.5
2015,Odivelas,ODIVELAS,40.1,1.9,1.7
2015,Sintra,SINTRA,43.4,1.9,1.6
2015,Ferreira do Alentejo,FERREIRA DO ALENTEJO,41.2,1.1,1.5
2015,Porto,PORTO,37.9,1.8,1.3
2015,Amares,AMARES,46.1,2.8,1.4
2015,Arcos de Valdevez,ARCOS DE VALDEVEZ,57.6,2.3,1.6
2015,Tavira,TAVIRA,46.7,2.6,1.8
2015,Lagoa,LAGOA,46.2,1.8,1.5
2015,Loulé,LOULÃ‰,51.8,2.4,2
2015,Odemira,ODEMIRA,40.8,1.8,2.2
2015,Braga,BRAGA,38.4,2.5,1.3
2015,Aljezur,ALJEZUR,44.3,2.4,2.3
2015,Marco de Canaveses,MARCO DE CANAVESES,46.4,1.5,1.5
2015,Góis,GÃ“IS,40.3,2.6,2.3
2015,Sernancelhe,SERNANCELHE,48.4,1.6,1.6
2015,Ourém,OURÃ‰M,44.2,2.3,2.2
2015,Penamacor,PENAMACOR,48.2,2.1,2.8
2015,Sines,SINES,44.6,1.7,1.4
2015,Torres Novas,TORRES NOVAS,39.4,2.4,1.7
2015,Amarante,AMARANTE,46.6,1.7,1.3
2015,Penacova,PENACOVA,46.6,2.5,1.5
2015,Póvoa de Varzim,PÃ“VOA DE VARZIM,46.7,2.2,1.3
2015,Santiago do Cacém,SANTIAGO DO CACÃ‰M,41.6,2.1,1.3
2015,Águeda,Ã\u0081GUEDA,44.4,3.1,1.3
2015,Arronches,ARRONCHES,36,2.3,1.5
2015,Figueira da Foz,FIGUEIRA DA FOZ,48,2.9,1.7
2015,Mação,MAÃ‡ÃƒO,31.2,1.7,2.5
2015,Mértola,MÃ‰RTOLA,39,1.9,1.9
2015,Vila Nova de Famalicão,VILA NOVA DE FAMALICÃƒO,36.2,2.3,1.3
2015,Vila Nova da Barquinha,VILA NOVA DA BARQUINHA,39.7,2.2,1.6
2015,Arouca,AROUCA,41.9,2.3,1.5
2015,Sabugal,SABUGAL,56.1,2.1,2.3
2015,Alvaiázere,ALVAIÃ\u0081ZERE,42.6,2.1,2.1
2015,Óbidos,Ã“BIDOS,43.6,3.1,2.1
2015,Marvão,MARVÃƒO,40.5,2.8,2
2015,Aveiro,AVEIRO,43.3,3.1,1.5
2015,Portalegre,PORTALEGRE,40,2.5,1.7
2015,Tabuaço,TABUAÃ‡O,49.4,1.5,2
2015,Serpa,SERPA,45.1,1.5,1.4
2015,Penela,PENELA,43.2,3.7,2
2015,Valpaços,VALPAÃ‡OS,55.4,1.3,2.4
2015,Paços de Ferreira,PAÃ‡OS DE FERREIRA,41.3,2,1.2
2015,Vila Nova de Gaia,VILA NOVA DE GAIA,39,2.2,1.5
2015,Alter do Chão,ALTER DO CHÃƒO,39.9,1.4,1.7
2015,Condeixa-a-Nova,CONDEIXA-A-NOVA,40,3.3,1.4
2015,Belmonte,BELMONTE,48.6,1.9,2
2015,Aguiar da Beira,AGUIAR DA BEIRA,51.7,2,2.3
2015,Vila Pouca de Aguiar,VILA POUCA DE AGUIAR,55.7,1.9,1.2
2015,Pombal,POMBAL,52.3,3,1.8
2015,Tondela,TONDELA,45.8,2.9,1.9
2015,Mangualde,MANGUALDE,50.5,2.8,1.8
2015,Macedo de Cavaleiros,MACEDO DE CAVALEIROS,54.1,1.5,1.9
2015,Moita,MOITA,43.4,1.4,1.5
2015,Torres Vedras,TORRES VEDRAS,40.7,2.5,1.8
2015,Ribeira de Pena,RIBEIRA DE PENA,59.6,1.2,1.7
2015,Viana do Castelo,VIANA DO CASTELO,45,2.8,1.7
2015,Pampilhosa da Serra,PAMPILHOSA DA SERRA,44.8,1.8,1.3
2015,Vila Nova de Poiares,VILA NOVA DE POIARES,47.9,3.6,2.5
2015,Monforte,MONFORTE,39.7,1.3,0.8
2015,Vagos,VAGOS,50,1.8,1.9
2015,Castro Marim,CASTRO MARIM,46,1.7,2
2015,Mortágua,MORTÃ\u0081GUA,49.7,3.9,1.6
2015,Porto de Mós,PORTO DE MÃ“S,41.5,3.3,2.1
2015,Monção,MONÃ‡ÃƒO,54.7,2.9,1.5
2015,Barreiro,BARREIRO,37.7,1.4,1.3
2015,Barrancos,BARRANCOS,44.8,3.8,2.1
2015,Sobral de Monte Agraço,SOBRAL DE MONTE AGRAÃ‡O,40,2.3,1.2
2015,Vila Verde,VILA VERDE,47.1,2.3,1.5
2015,Matosinhos,MATOSINHOS,38.1,2.1,1.4
2015,Montijo,MONTIJO,46,2,1.2
2015,Nelas,NELAS,49.3,2.5,2
2015,São João da Pesqueira,SÃƒO JOÃƒO DA PESQUEIRA,51.7,1,1.9
2015,Vila do Conde,VILA DO CONDE,42,2.2,1.3
2015,Batalha,BATALHA,39.9,3.7,2.7
2015,Elvas,ELVAS,50.9,1.9,1.4
2015,Leiria,LEIRIA,39.8,3.1,2
2015,Vila Nova de Paiva,VILA NOVA DE PAIVA,62,2.5,1.1
2015,Maia,MAIA,35.3,2.4,1.5
2015,Grândola,GRÃ‚NDOLA,39.9,1.6,1.1
2015,Arruda dos Vinhos,ARRUDA DOS VINHOS,37.2,2.3,1.4
2015,Albufeira,ALBUFEIRA,54.8,2.2,1.6
2015,Sever do Vouga,SEVER DO VOUGA,40.7,2.2,1.7
2015,Idanha-a-Nova,IDANHA-A-NOVA,45,1.9,2.7
2015,Estremoz,ESTREMOZ,42.5,1.6,1.4
2015,Vila Velha de Ródão,VILA VELHA DE RÃ“DÃƒO,31.8,0.8,1.3
2015,Fundão,FUNDÃƒO,45.6,1.9,1.9
2015,Anadia,ANADIA,45.5,3.3,2
2015,Santa Maria da Feira,SANTA MARIA DA FEIRA,41.8,2.1,1.6
2015,Baião,BAIÃƒO,49,1.4,2
2015,Almeida,ALMEIDA,49.3,2.3,2.6
2015,Monchique,MONCHIQUE,33.8,2.7,1.8
2015,Caldas da Rainha,CALDAS DA RAINHA,45.2,2.8,1.7
2015,Santarém,SANTARÃ‰M,40.8,2.3,1.5
2015,Vouzela,VOUZELA,42.8,2.4,1.4
2015,Carrazeda de Ansiães,CARRAZEDA DE ANSIÃƒES,52.9,1.9,2.4
2015,Gouveia,GOUVEIA,48.3,2.2,1.9
2015,Moimenta da Beira,MOIMENTA DA BEIRA,57,2.3,1.9
2015,Torre de Moncorvo,TORRE DE MONCORVO,51.7,1.5,1.7
2015,Olhão,OLHÃƒO,51.5,2,1.5
2015,Pedrógão Grande,PEDRÃ“GÃƒO GRANDE,42.6,3.1,2.5
2015,Oliveira de Azeméis,OLIVEIRA DE AZEMÃ‰IS,40.8,2.1,1.7
2015,Resende,RESENDE,45.4,1.3,1.8
2015,Alpiarça,ALPIARÃ‡A,39.1,2.5,1.5
2015,Mogadouro,MOGADOURO,50.6,2,2.2
2015,Setúbal,SETÃšBAL,43.1,1.8,1.3
2015,Castro Verde,CASTRO VERDE,42.6,1.8,1.4
2015,Lousã,LOUSÃƒ,43.2,3.4,1.8
2015,Santa Comba Dão,SANTA COMBA DÃƒO,47.6,2.7,2.2
2015,Avis,AVIS,33.4,1.7,1.3
2015,Entroncamento,ENTRONCAMENTO,39.5,2.2,1.7
2015,Vila Viçosa,VILA VIÃ‡OSA,42,1.4,1.4
2015,Vila de Rei,VILA DE REI,29.6,2.5,3.6
2015,Figueiró dos Vinhos,FIGUEIRÃ“ DOS VINHOS,39.1,2.6,2.7
2015,Fronteira,FRONTEIRA,34.3,1.7,1.5
2015,Trofa,TROFA,37.1,2.1,1.6
2015,Penedono,PENEDONO,59.4,2.6,2.6
2015,Alijó,ALIJÃ“,49.7,1.4,2.4
2015,Mesão Frio,MESÃƒO FRIO,47.7,0.9,1.6
2015,Castanheira de Pêra,CASTANHEIRA DE PÃŠRA,41,1.4,2.3
2015,Chamusca,CHAMUSCA,41.9,1.7,1.9
2015,Valença,VALENÃ‡A,52.1,2.5,1.6
2015,Alenquer,ALENQUER,40.3,2.3,1.4
2015,São João da Madeira,SÃƒO JOÃƒO DA MADEIRA,41.6,2.2,1.5
2015,Bragança,BRAGANÃ‡A,54.3,1.9,1.9
2015,Vila do Bispo,VILA DO BISPO,45.5,3.3,1.3
2011,Vila Real de Santo António,VILA REAL DE SANTO ANTÃ“NIO,48.6,2.2,1.1
2011,Nazaré,NAZARÃ‰,51.6,2.8,1.3
2011,Oliveira do Bairro,OLIVEIRA DO BAIRRO,42.4,2.1,1
2011,Cuba,CUBA,41,2.2,1.1
2011,Santa Marta de Penaguião,SANTA MARTA DE PENAGUIÃƒO,49.9,2,1
2011,Tarouca,TAROUCA,51.5,1.3,1.5
2011,Montemor-o-Velho,MONTEMOR-O-VELHO,46,3.9,1.2
2011,Alvito,ALVITO,43,2.1,1.4
2011,Proença-a-Nova,PROENÃ‡A-A-NOVA,40.3,2.9,1.9
2011,Constância,CONSTÃ‚NCIA,36.5,2.7,2
2011,Alcácer do Sal,ALCÃ\u0081CER DO SAL,42.6,1.5,1.1
2011,Reguengos de Monsaraz,REGUENGOS DE MONSARAZ,45.4,2,1.2
2011,Celorico da Beira,CELORICO DA BEIRA,45.5,1.9,1.5
2011,Murtosa,MURTOSA,52.8,2,1.3
2011,Miranda do Corvo,MIRANDA DO CORVO,44.3,3.4,1.6
2011,Penalva do Castelo,PENALVA DO CASTELO,49.5,2.6,1.4
2011,Ovar,OVAR,41.2,3,1.2
2011,Azambuja,AZAMBUJA,40,2.8,1.8
2011,Lamego,LAMEGO,43.5,1.4,1.4
2011,Coimbra,COIMBRA,38.7,3.5,1.1
2011,Loures,LOURES,36.2,2.5,1.7
2011,São Brás de Alportel,SÃƒO BRÃ\u0081S DE ALPORTEL,44,3.2,1.5
2011,Póvoa de Lanhoso,PÃ“VOA DE LANHOSO,47,2.3,0.9
2011,Abrantes,ABRANTES,41,3,1.3
2011,Terras de Bouro,TERRAS DE BOURO,45,2.2,1.1
2011,Esposende,ESPOSENDE,41.4,3.1,1.1
2011,Vinhais,VINHAIS,53.9,1.5,1.7
2011,Vimioso,VIMIOSO,56.7,1.4,1.8
2011,Almada,ALMADA,39.9,2.4,1.5
2011,Alfândega da Fé,ALFÃ‚NDEGA DA FÃ‰,44.3,1.9,1.3
2011,Cadaval,CADAVAL,40.7,2.9,1.5
2011,Castelo de Vide,CASTELO DE VIDE,37.5,2.4,2.2
2011,Lousada,LOUSADA,38.1,1.8,1.1
2011,Crato,CRATO,39.5,2.5,1.4
2011,Bombarral,BOMBARRAL,43.7,3.1,1.7
2011,Sousel,SOUSEL,40.3,2.2,0.9
2011,Oliveira de Frades,OLIVEIRA DE FRADES,39.3,3.1,1.3
2011,Viana do Alentejo,VIANA DO ALENTEJO,46.1,1.7,1.3
2011,Campo Maior,CAMPO MAIOR,44.2,2.2,1.3
2011,Silves,SILVES,43.4,3.1,1.6
2011,Valongo,VALONGO,36.5,2.8,1.5
2011,Sertã,SERTÃƒ,38.6,2.9,2.4
2011,Barcelos,BARCELOS,33.6,2.7,1.1
2011,Borba,BORBA,39.1,2.3,1.3
2011,Beja,BEJA,43.6,2,1.1
2011,Lagos,LAGOS,42.7,3.8,1.3
2011,Vila Real,VILA REAL,41.5,1.8,1.1
2011,Gondomar,GONDOMAR,37.3,2.8,1.5
2011,Almodôvar,ALMODÃ”VAR,46.5,1.9,1.6
2011,Benavente,BENAVENTE,45.6,2.7,1.2
2011,Sátão,SÃ\u0081TÃƒO,51,2.2,1.5
2011,Peso da Régua,PESO DA RÃ‰GUA,50.1,1.7,0.9
2011,Sesimbra,SESIMBRA,42.1,2.9,1.6
2011,Felgueiras,FELGUEIRAS,39,1.8,1.1
2011,Mafra,MAFRA,36.1,3.7,1.6
2011,Tomar,TOMAR,40.3,3.4,1.9
2011,Alcochete,ALCOCHETE,37.4,3,1.4
2011,Mirandela,MIRANDELA,48.8,1.4,1.3
2011,Ferreira do Zêzere,FERREIRA DO ZÃŠZERE,37.6,2.8,2.1
2011,Fafe,FAFE,41.2,2.7,1.1
2011,Figueira de Castelo Rodrigo,FIGUEIRA DE CASTELO RODRIGO,46.6,1.3,1.6
2011,Melgaço,MELGAÃ‡O,62.7,2.6,1.4
2011,Castelo de Paiva,CASTELO DE PAIVA,41.4,1.8,1.3
2011,Penafiel,PENAFIEL,34.3,2,1.6
2011,Mourão,MOURÃƒO,44.2,1.9,1.1
2011,Vila Flor,VILA FLOR,49.3,1.5,1.2
2011,Tábua,TÃ\u0081BUA,41.8,2.5,1.7
2011,Seixal,SEIXAL,38.5,2.6,1.5
2011,Coruche,CORUCHE,43.6,2.1,1
2011,Cascais,CASCAIS,38.6,2.5,1.1
2011,Sardoal,SARDOAL,30,2.8,1.6
2011,Ourique,OURIQUE,40.9,2,1.6
2011,Murça,MURÃ‡A,50.4,1.5,1.9
2011,Montemor-o-Novo,MONTEMOR-O-NOVO,37,2.4,1
2011,Peniche,PENICHE,47.6,3.1,1.2
2011,Nisa,NISA,40.7,2.5,1.5
2011,Miranda do Douro,MIRANDA DO DOURO,50.3,3,1.7
2011,Vendas Novas,VENDAS NOVAS,40.4,2.5,1.4
2011,Redondo,REDONDO,46.1,1.8,0.8
2011,Freixo de Espada à Cinta,FREIXO DE ESPADA Ã€ CINTA,47.4,0.9,1.4
2011,Mora,MORA,42.6,1.9,1.3
2011,Boticas,BOTICAS,49,1.3,1.4
2011,Mira,MIRA,48.3,3.2,1.3
2011,Oeiras,OEIRAS,33.7,2.9,1.2
2011,Vizela,VIZELA,35.9,1.8,1.1
2011,Aljustrel,ALJUSTREL,40.9,1.7,1.1
2011,Guarda,GUARDA,40.3,2.5,2.2
2011,Paredes de Coura,PAREDES DE COURA,51.5,3.9,1.5
2011,Castelo Branco,CASTELO BRANCO,41.6,2.9,1.6
2011,Soure,SOURE,44.7,4.3,1.9
2011,Chaves,CHAVES,50,2.1,1.4
2011,Ponte da Barca,PONTE DA BARCA,52.1,1.8,1
2011,Alandroal,ALANDROAL,39,1.4,0.9
2011,Vidigueira,VIDIGUEIRA,46.2,2.6,1.4
2011,Mealhada,MEALHADA,45,3.6,1.3
2011,Vieira do Minho,VIEIRA DO MINHO,47.3,2,1
2011,Mêda,MÃŠDA,46.8,1.7,1.6
2011,Santo Tirso,SANTO TIRSO,34,2.3,0.9
2011,Vila Nova de Foz Côa,VILA NOVA DE FOZ CÃ”A,51,2.2,1.5
2011,Ponte de Lima,PONTE DE LIMA,41,2.3,1.2
2011,Évora,Ã‰VORA,40,2.3,1.2
2011,Cabeceiras de Basto,CABECEIRAS DE BASTO,44.4,1.5,1.4
2011,Cartaxo,CARTAXO,41.1,2.9,1.5
2011,Marinha Grande,MARINHA GRANDE,42.3,3.5,1.5
2011,Moura,MOURA,54.2,2.7,1
2011,Oleiros,OLEIROS,39.8,2.3,2.1
2011,Carregal do Sal,CARREGAL DO SAL,49.5,2.8,1.5
2011,Ansião,ANSIÃƒO,39.5,2.9,1.8
2011,Trancoso,TRANCOSO,48.1,2.3,2.1
2011,Lisboa,LISBOA,37.5,2.4,1.2
2011,Pinhel,PINHEL,48.9,2.5,1.7
2011,Arraiolos,ARRAIOLOS,36.3,1.8,1.6
2011,Espinho,ESPINHO,34.3,2.4,1.3
2011,Covilhã,COVILHÃƒ,42.3,2.6,1.6
2011,Ponte de Sor,PONTE DE SOR,43.2,2.5,1.4
2011,Almeirim,ALMEIRIM,45.6,2.5,1.3
2011,Amadora,AMADORA,38.8,2.5,1.5
2011,Manteigas,MANTEIGAS,48.2,2.3,1.7
2011,Fornos de Algodres,FORNOS DE ALGODRES,43,2.2,1.7
2011,Alcanena,ALCANENA,40.2,2.8,1.6
2011,Golegã,GOLEGÃƒ,42,2.4,1
2011,Armamar,ARMAMAR,43.1,1.4,1.8
2011,Viseu,VISEU,44.2,2.9,1.5
2011,Albergaria-a-Velha,ALBERGARIA-A-VELHA,42.1,2.8,1.1
2011,Cantanhede,CANTANHEDE,46.5,3.6,1.5
2011,Rio Maior,RIO MAIOR,38.7,3.1,1.5
2011,Alcobaça,ALCOBAÃ‡A,37.2,3.5,1.9
2011,Portimão,PORTIMÃƒO,41.9,2.8,1.2
2011,Lourinhã,LOURINHÃƒ,39.2,3.2,1.5
2011,Portel,PORTEL,45.2,1.7,1.1
2011,Vila Nova de Cerveira,VILA NOVA DE CERVEIRA,42.7,2.6,1.6
2011,Faro,FARO,41.6,3.2,1.3
2011,Vila Franca de Xira,VILA FRANCA DE XIRA,37.8,2.9,1.4
2011,Montalegre,MONTALEGRE,55.4,1.7,0.9
2011,Vale de Cambra,VALE DE CAMBRA,38.9,2.9,1.7
2011,Ílhavo,Ã\u008dLHAVO,48,3.6,1.1
2011,Mondim de Basto,MONDIM DE BASTO,53,0.9,0.8
2011,Alcoutim,ALCOUTIM,40,1.7,1.7
2011,Celorico de Basto,CELORICO DE BASTO,44.4,1.7,1.3
2011,Caminha,CAMINHA,44.2,3.6,1.4
2011,Oliveira do Hospital,OLIVEIRA DO HOSPITAL,40.9,3,1.7
2011,Salvaterra de Magos,SALVATERRA DE MAGOS,49.6,3,1.3
2011,Palmela,PALMELA,42.4,2.7,1.4
2011,Castro Daire,CASTRO DAIRE,51.9,2.4,1.5
2011,São Pedro do Sul,SÃƒO PEDRO DO SUL,45.3,3.2,1.7
2011,Seia,SEIA,44,2.8,1.7
2011,Paredes,PAREDES,34,1.9,1.6
2011,Estarreja,ESTARREJA,45.6,2.9,1.3
2011,Guimarães,GUIMARÃƒES,34.8,2.4,0.9
2011,Sabrosa,SABROSA,47.6,1.7,1.5
2011,Cinfães,CINFÃƒES,46.6,1.5,1.3
2011,Gavião,GAVIÃƒO,36.9,2.3,1.7
2011,Arganil,ARGANIL,40.4,2.8,1.8
2011,Odivelas,ODIVELAS,37.5,2.7,1.6
2011,Sintra,SINTRA,40.4,2.7,1.4
2011,Ferreira do Alentejo,FERREIRA DO ALENTEJO,41.7,1.6,1.2
2011,Porto,PORTO,36,2.4,1
2011,Amares,AMARES,45.1,3.2,1.1
2011,Arcos de Valdevez,ARCOS DE VALDEVEZ,59.1,2.2,0.9
2011,Tavira,TAVIRA,44,3.3,1.6
2011,Lagoa,LAGOA,41.1,2.3,1.5
2011,Loulé,LOULÃ‰,46.5,3,1.8
2011,Odemira,ODEMIRA,41.5,2.6,1.9
2011,Braga,BRAGA,35.4,3,1.2
2011,Aljezur,ALJEZUR,42,3.4,2.8
2011,Marco de Canaveses,MARCO DE CANAVESES,42.5,1.8,1
2011,Góis,GÃ“IS,40.6,3.5,1.6
2011,Sernancelhe,SERNANCELHE,48.7,1.7,1.4
2011,Ourém,OURÃ‰M,41.7,2.9,1.6
2011,Penamacor,PENAMACOR,48.2,1.7,2.1
2011,Sines,SINES,44.4,3.8,1.4
2011,Torres Novas,TORRES NOVAS,39,3.3,1.5
2011,Amarante,AMARANTE,44.7,1.9,1.2
2011,Penacova,PENACOVA,46.1,3,1.8
2011,Póvoa de Varzim,PÃ“VOA DE VARZIM,43.7,2.5,0.9
2011,Santiago do Cacém,SANTIAGO DO CACÃ‰M,41.5,3.3,1.3
2011,Águeda,Ã\u0081GUEDA,42.1,3.5,1.2
2011,Arronches,ARRONCHES,41.8,2.6,1.3
2011,Figueira da Foz,FIGUEIRA DA FOZ,45.4,4.1,1.5
2011,Mação,MAÃ‡ÃƒO,31.7,2,1.8
2011,Mértola,MÃ‰RTOLA,44.6,2.8,1.8
2011,Vila Nova de Famalicão,VILA NOVA DE FAMALICÃƒO,33.7,2.6,1
2011,Vila Nova da Barquinha,VILA NOVA DA BARQUINHA,38.5,3,1.3
2011,Arouca,AROUCA,39.4,2.4,1.3
2011,Sabugal,SABUGAL,54.3,2.7,2.1
2011,Alvaiázere,ALVAIÃ\u0081ZERE,40.5,2,1.2
2011,Óbidos,Ã“BIDOS,43.3,3.7,1.7
2011,Marvão,MARVÃƒO,39.5,2.9,1.7
2011,Aveiro,AVEIRO,39.9,3.6,1.2
2011,Portalegre,PORTALEGRE,39.9,2.9,1
2011,Tabuaço,TABUAÃ‡O,45.6,0.9,1.2
2011,Serpa,SERPA,48.1,2.1,1.3
2011,Penela,PENELA,42.2,3.4,1.5
2011,Valpaços,VALPAÃ‡OS,54,1.3,1.5
2011,Paços de Ferreira,PAÃ‡OS DE FERREIRA,36.2,2.4,0.9
2011,Vila Nova de Gaia,VILA NOVA DE GAIA,35.8,2.7,1.3
2011,Alter do Chão,ALTER DO CHÃƒO,40.4,1.8,1.8
2011,Condeixa-a-Nova,CONDEIXA-A-NOVA,41.9,4.3,1.2
2011,Belmonte,BELMONTE,46.4,2.6,1.3
2011,Aguiar da Beira,AGUIAR DA BEIRA,51.2,2.1,2.2
2011,Vila Pouca de Aguiar,VILA POUCA DE AGUIAR,54.7,1.6,1.3
2011,Pombal,POMBAL,50.3,3.8,1.6
2011,Tondela,TONDELA,44.2,3.4,1.6
2011,Mangualde,MANGUALDE,47.1,2.9,1.5
2011,Macedo de Cavaleiros,MACEDO DE CAVALEIROS,52.2,2,1.2
2011,Moita,MOITA,43.7,2.1,1.5
2011,Torres Vedras,TORRES VEDRAS,37.9,3.2,1.6
2011,Ribeira de Pena,RIBEIRA DE PENA,56.4,1.3,0.9
2011,Viana do Castelo,VIANA DO CASTELO,42.9,3.6,1.4
2011,Pampilhosa da Serra,PAMPILHOSA DA SERRA,45.6,2,1.1
2011,Vila Nova de Poiares,VILA NOVA DE POIARES,46.9,4,1.9
2011,Monforte,MONFORTE,40.3,1.4,1.1
2011,Vagos,VAGOS,45,1.9,0.9
2011,Castro Marim,CASTRO MARIM,43.4,2.4,1.7
2011,Mortágua,MORTÃ\u0081GUA,52.4,4.2,1.6
2011,Porto de Mós,PORTO DE MÃ“S,38.7,3.3,1.5
2011,Monção,MONÃ‡ÃƒO,54.2,3,0.9
2011,Barreiro,BARREIRO,38.1,2.4,1.4
2011,Barrancos,BARRANCOS,49.9,4.4,2
2011,Sobral de Monte Agraço,SOBRAL DE MONTE AGRAÃ‡O,40.4,3,1.5
2011,Vila Verde,VILA VERDE,44.9,2.8,1.3
2011,Matosinhos,MATOSINHOS,35.2,2.7,1.2
2011,Montijo,MONTIJO,44.6,2.6,1.3
2011,Nelas,NELAS,48.4,2.8,1.7
2011,São João da Pesqueira,SÃƒO JOÃƒO DA PESQUEIRA,51.2,1.2,1.7
2011,Vila do Conde,VILA DO CONDE,40.3,2.8,1.1
2011,Batalha,BATALHA,36,2.9,1.8
2011,Elvas,ELVAS,49.6,2.6,1.4
2011,Leiria,LEIRIA,37.3,3.8,1.5
2011,Vila Nova de Paiva,VILA NOVA DE PAIVA,59,2.3,1.6
2011,Maia,MAIA,32.6,3.2,1.4
2011,Grândola,GRÃ‚NDOLA,39.1,2,1.1
2011,Arruda dos Vinhos,ARRUDA DOS VINHOS,37.2,3.1,1.5
2011,Albufeira,ALBUFEIRA,47,2.8,1.5
2011,Sever do Vouga,SEVER DO VOUGA,37,2.3,1.1
2011,Idanha-a-Nova,IDANHA-A-NOVA,43.2,2.1,1.8
2011,Estremoz,ESTREMOZ,42.3,2.2,1.2
2011,Vila Velha de Ródão,VILA VELHA DE RÃ“DÃƒO,35.3,1.9,1.2
2011,Fundão,FUNDÃƒO,46.5,2.9,1.7
2011,Anadia,ANADIA,42.7,3.1,1.3
2011,Santa Maria da Feira,SANTA MARIA DA FEIRA,39.3,2.8,1.2
2011,Baião,BAIÃƒO,46.9,1.7,1.8
2011,Almeida,ALMEIDA,47.1,2.3,1.9
2011,Monchique,MONCHIQUE,32.8,3.4,1.9
2011,Caldas da Rainha,CALDAS DA RAINHA,41.6,3.5,1.3
2011,Santarém,SANTARÃ‰M,39.7,3.3,1.4
2011,Vouzela,VOUZELA,40.7,2.9,1.2
2011,Carrazeda de Ansiães,CARRAZEDA DE ANSIÃƒES,49.2,2.1,1.5
2011,Gouveia,GOUVEIA,48.2,2.8,1.6
2011,Moimenta da Beira,MOIMENTA DA BEIRA,51.8,2.1,1.3
2011,Torre de Moncorvo,TORRE DE MONCORVO,50,1.8,1.7
2011,Olhão,OLHÃƒO,49.1,2.8,1.3
2011,Pedrógão Grande,PEDRÃ“GÃƒO GRANDE,43,2.4,2.2
2011,Oliveira de Azeméis,OLIVEIRA DE AZEMÃ‰IS,38.7,2.6,1.4
2011,Resende,RESENDE,45.5,1.4,1.5
2011,Alpiarça,ALPIARÃ‡A,39.5,3.4,1.1
2011,Mogadouro,MOGADOURO,50.4,1.9,1.9
2011,Setúbal,SETÃšBAL,42.5,2.6,1.1
2011,Castro Verde,CASTRO VERDE,45.9,2.8,1
2011,Lousã,LOUSÃƒ,41.4,4.3,1.2
2011,Santa Comba Dão,SANTA COMBA DÃƒO,44.4,3.4,1.4
2011,Avis,AVIS,32.9,2.2,1.2
2011,Entroncamento,ENTRONCAMENTO,37.2,3.6,1.5
2011,Vila Viçosa,VILA VIÃ‡OSA,43,1.8,1.4
2011,Vila de Rei,VILA DE REI,30.5,2.7,3.3
2011,Figueiró dos Vinhos,FIGUEIRÃ“ DOS VINHOS,37.6,2.3,1.7
2011,Fronteira,FRONTEIRA,37.2,2.1,1.1
2011,Trofa,TROFA,34.7,2.5,1.3
2011,Penedono,PENEDONO,56.5,2,2.5
2011,Alijó,ALIJÃ“,47.2,1.7,1.6
2011,Mesão Frio,MESÃƒO FRIO,45,1.8,1.2
2011,Castanheira de Pêra,CASTANHEIRA DE PÃŠRA,42.6,2.3,1.5
2011,Chamusca,CHAMUSCA,44.4,2.1,1.5
2011,Valença,VALENÃ‡A,48.6,2.4,1.6
2011,Alenquer,ALENQUER,38,2.8,1.4
2011,São João da Madeira,SÃƒO JOÃƒO DA MADEIRA,38.8,2.9,1.3
2011,Bragança,BRAGANÃ‡A,52.2,2.2,1.4
2011,Vila do Bispo,VILA DO BISPO,43.4,3.9,0.8
2009,Vila Real de Santo António,VILA REAL DE SANTO ANTÃ“NIO,45.8,1.6,0.8
2009,Nazaré,NAZARÃ‰,49.2,2.2,1.3
2009,Oliveira do Bairro,OLIVEIRA DO BAIRRO,42.4,1.8,1.3
2009,Cuba,CUBA,30.7,0.9,0.9
2009,Santa Marta de Penaguião,SANTA MARTA DE PENAGUIÃƒO,47.2,1.5,1.8
2009,Tarouca,TAROUCA,48.1,0.8,1.8
2009,Montemor-o-Velho,MONTEMOR-O-VELHO,41.7,2,1.5
2009,Alvito,ALVITO,35,0.7,0.4
2009,Proença-a-Nova,PROENÃ‡A-A-NOVA,35.3,2,1.9
2009,Constância,CONSTÃ‚NCIA,33.3,1.8,1.7
2009,Alcácer do Sal,ALCÃ\u0081CER DO SAL,39.7,1.4,1.1
2009,Reguengos de Monsaraz,REGUENGOS DE MONSARAZ,43.8,1.5,1
2009,Celorico da Beira,CELORICO DA BEIRA,39.6,0.9,1.8
2009,Murtosa,MURTOSA,53.1,1.6,1.4
2009,Miranda do Corvo,MIRANDA DO CORVO,39.1,2.3,1.5
2009,Penalva do Castelo,PENALVA DO CASTELO,44.5,1.8,2
2009,Ovar,OVAR,39,1.7,1.2
2009,Azambuja,AZAMBUJA,38,1.8,1.8
2009,Lamego,LAMEGO,41.7,0.9,1.5
2009,Coimbra,COIMBRA,37.3,2.3,1
2009,Loures,LOURES,35.8,1.8,1.6
2009,São Brás de Alportel,SÃƒO BRÃ\u0081S DE ALPORTEL,42.9,2.6,1.6
2009,Póvoa de Lanhoso,PÃ“VOA DE LANHOSO,40.1,0.9,1.1
2009,Abrantes,ABRANTES,38.7,1.7,1.4
2009,Terras de Bouro,TERRAS DE BOURO,41.1,1.1,0.8
2009,Esposende,ESPOSENDE,39,1.8,1.3
2009,Vinhais,VINHAIS,48.6,1.2,1.8
2009,Vimioso,VIMIOSO,51.3,0.9,2.3
2009,Almada,ALMADA,39.1,1.8,1.5
2009,Alfândega da Fé,ALFÃ‚NDEGA DA FÃ‰,35.9,1.4,1.7
2009,Cadaval,CADAVAL,39.3,2.3,1.7
2009,Castelo de Vide,CASTELO DE VIDE,32,1.9,1.4
2009,Lousada,LOUSADA,34.1,0.9,1
2009,Crato,CRATO,31.8,1.2,1.1
2009,Bombarral,BOMBARRAL,43.9,2.5,1.6
2009,Sousel,SOUSEL,33.2,1.5,1.2
2009,Oliveira de Frades,OLIVEIRA DE FRADES,34.8,1.9,1.4
2009,Viana do Alentejo,VIANA DO ALENTEJO,42.3,1.5,1.2
2009,Campo Maior,CAMPO MAIOR,41.3,1.1,0.9
2009,Silves,SILVES,41.7,2.3,1.9
2009,Valongo,VALONGO,34.5,1.7,1.2
2009,Sertã,SERTÃƒ,37.8,1.8,2.7
2009,Barcelos,BARCELOS,31.8,1.5,1
2009,Borba,BORBA,35.6,1.6,1.3
2009,Beja,BEJA,39.3,1.7,1.1
2009,Lagos,LAGOS,40.3,2.9,1.1
2009,Vila Real,VILA REAL,40.6,1.3,1.2
2009,Gondomar,GONDOMAR,34.8,1.9,1.3
2009,Almodôvar,ALMODÃ”VAR,41.2,1.2,1.7
2009,Benavente,BENAVENTE,44.5,2,1.2
2009,Sátão,SÃ\u0081TÃƒO,47.5,1.3,2.2
2009,Peso da Régua,PESO DA RÃ‰GUA,47.7,0.9,1.3
2009,Sesimbra,SESIMBRA,41.4,1.9,1.7
2009,Felgueiras,FELGUEIRAS,36,0.9,1
2009,Mafra,MAFRA,36.9,2.6,1.6
2009,Tomar,TOMAR,38.9,2.4,2
2009,Alcochete,ALCOCHETE,36.1,2.1,1.7
2009,Mirandela,MIRANDELA,44.5,0.9,1.7
2009,Ferreira do Zêzere,FERREIRA DO ZÃŠZERE,36.3,2.4,2.2
2009,Fafe,FAFE,38.7,1.4,0.9
2009,Figueira de Castelo Rodrigo,FIGUEIRA DE CASTELO RODRIGO,39.1,1.1,1.8
2009,Melgaço,MELGAÃ‡O,58.9,1.6,1.2
2009,Castelo de Paiva,CASTELO DE PAIVA,34.7,1.2,1.3
2009,Penafiel,PENAFIEL,31.5,1,1.3
2009,Mourão,MOURÃƒO,38,1.3,1.6
2009,Vila Flor,VILA FLOR,46.6,1.4,1.4
2009,Tábua,TÃ\u0081BUA,37.5,1.6,1.5
2009,Seixal,SEIXAL,39.7,1.9,1.6
2009,Coruche,CORUCHE,40.8,1.4,1
2009,Cascais,CASCAIS,40.1,2.1,1.1
2009,Sardoal,SARDOAL,27.3,2.2,1.8
2009,Ourique,OURIQUE,31.6,1,2.3
2009,Murça,MURÃ‡A,46.4,1.3,2
2009,Montemor-o-Novo,MONTEMOR-O-NOVO,35.4,1.6,0.8
2009,Peniche,PENICHE,48.4,2.5,1.1
2009,Nisa,NISA,36.2,1.7,1.5
2009,Miranda do Douro,MIRANDA DO DOURO,44,1.6,2
2009,Vendas Novas,VENDAS NOVAS,38,1.7,0.8
2009,Redondo,REDONDO,42.6,1.5,0.6
2009,Freixo de Espada à Cinta,FREIXO DE ESPADA Ã€ CINTA,36.7,1.3,1.7
2009,Mora,MORA,39.8,1.5,1
2009,Boticas,BOTICAS,47.7,1.1,1.6
2009,Mira,MIRA,43.1,1.9,1.6
2009,Oeiras,OEIRAS,35,2,1.1
2009,Vizela,VIZELA,31.8,0.9,1
2009,Aljustrel,ALJUSTREL,37,1,0.6
2009,Guarda,GUARDA,37.2,1.6,1.8
2009,Paredes de Coura,PAREDES DE COURA,45.3,1.5,1.4
2009,Castelo Branco,CASTELO BRANCO,39.6,1.9,1.7
2009,Soure,SOURE,42.2,2.7,1.5
2009,Chaves,CHAVES,47.1,1.5,1.4
2009,Ponte da Barca,PONTE DA BARCA,45.7,1.1,1.2
2009,Alandroal,ALANDROAL,33.5,0.6,0.8
2009,Vidigueira,VIDIGUEIRA,40.5,1.6,1.1
2009,Mealhada,MEALHADA,42.7,2.5,1.2
2009,Vieira do Minho,VIEIRA DO MINHO,41,0.8,1.5
2009,Mêda,MÃŠDA,42.6,1.1,1.8
2009,Santo Tirso,SANTO TIRSO,31.1,1.1,0.9
2009,Vila Nova de Foz Côa,VILA NOVA DE FOZ CÃ”A,42.9,1.3,1.4
2009,Ponte de Lima,PONTE DE LIMA,39.1,1.3,1.4
2009,Évora,Ã‰VORA,38.4,1.7,1.2
2009,Cabeceiras de Basto,CABECEIRAS DE BASTO,41.2,1.1,1
2009,Cartaxo,CARTAXO,39.3,2.1,1.5
2009,Marinha Grande,MARINHA GRANDE,40.2,2.4,1.3
2009,Moura,MOURA,52.4,1.7,0.9
2009,Oleiros,OLEIROS,40.9,2.4,2.1
2009,Carregal do Sal,CARREGAL DO SAL,46.6,1.6,1.8
2009,Ansião,ANSIÃƒO,38.4,1.8,1.4
2009,Trancoso,TRANCOSO,43.6,1.3,1.8
2009,Lisboa,LISBOA,38.2,1.7,1.2
2009,Pinhel,PINHEL,43.8,1.3,2
2009,Arraiolos,ARRAIOLOS,33.9,1.2,1.3
2009,Espinho,ESPINHO,32.8,1.8,1.2
2009,Covilhã,COVILHÃƒ,39.3,1.6,1.7
2009,Ponte de Sor,PONTE DE SOR,40.8,1.6,1
2009,Almeirim,ALMEIRIM,42.8,1.6,1
2009,Amadora,AMADORA,39.4,1.8,1.6
2009,Manteigas,MANTEIGAS,43.5,1.1,1.1
2009,Fornos de Algodres,FORNOS DE ALGODRES,37.1,1.5,2
2009,Alcanena,ALCANENA,36,1.9,1.4
2009,Golegã,GOLEGÃƒ,38.3,1.2,0.8
2009,Armamar,ARMAMAR,44.9,0.7,2.5
2009,Viseu,VISEU,42.6,1.9,1.6
2009,Albergaria-a-Velha,ALBERGARIA-A-VELHA,41.2,1.7,1.1
2009,Cantanhede,CANTANHEDE,43.8,2.1,1.5
2009,Rio Maior,RIO MAIOR,37,2.1,1.4
2009,Alcobaça,ALCOBAÃ‡A,37.4,3,1.9
2009,Portimão,PORTIMÃƒO,40.4,2.3,1.2
2009,Lourinhã,LOURINHÃƒ,39.8,2.2,1.8
2009,Portel,PORTEL,36.3,0.9,1.1
2009,Vila Nova de Cerveira,VILA NOVA DE CERVEIRA,38.8,1.5,1.2
2009,Faro,FARO,41,2.3,1.1
2009,Vila Franca de Xira,VILA FRANCA DE XIRA,36.9,2,1.3
2009,Montalegre,MONTALEGRE,50.1,1.1,1.3
2009,Vale de Cambra,VALE DE CAMBRA,35.9,1.5,1.9
2009,Ílhavo,Ã\u008dLHAVO,48.2,2.4,1
2009,Mondim de Basto,MONDIM DE BASTO,49,0.6,0.9
2009,Alcoutim,ALCOUTIM,38,1.3,1.3
2009,Celorico de Basto,CELORICO DE BASTO,40.3,0.9,1.1
2009,Caminha,CAMINHA,40.7,1.5,1.1
2009,Oliveira do Hospital,OLIVEIRA DO HOSPITAL,35.1,1.4,1.6
2009,Salvaterra de Magos,SALVATERRA DE MAGOS,45.7,1.7,1.6
2009,Palmela,PALMELA,41.6,1.9,1.6
2009,Castro Daire,CASTRO DAIRE,46.2,1.1,1.9
2009,São Pedro do Sul,SÃƒO PEDRO DO SUL,42.6,1.9,1.8
2009,Seia,SEIA,41.4,1.8,1.6
2009,Paredes,PAREDES,31.2,1.2,1.5
2009,Estarreja,ESTARREJA,44,1.6,1.3
2009,Guimarães,GUIMARÃƒES,33,1.3,0.9
2009,Sabrosa,SABROSA,44.6,0.9,1.4
2009,Cinfães,CINFÃƒES,43.9,1,1.7
2009,Gavião,GAVIÃƒO,34.3,1.3,1.5
2009,Arganil,ARGANIL,37.5,1.7,1.3
2009,Odivelas,ODIVELAS,37.1,1.8,1.5
2009,Sintra,SINTRA,40.3,2,1.4
2009,Ferreira do Alentejo,FERREIRA DO ALENTEJO,40.2,1.1,1
2009,Porto,PORTO,35.7,1.6,0.9
2009,Amares,AMARES,41.8,1.4,1.6
2009,Arcos de Valdevez,ARCOS DE VALDEVEZ,56.8,1.7,1.5
2009,Tavira,TAVIRA,41.2,2.3,1.6
2009,Lagoa,LAGOA,40.1,1.5,1.4
2009,Loulé,LOULÃ‰,45,2.4,1.7
2009,Odemira,ODEMIRA,39.5,2,1.7
2009,Braga,BRAGA,32.9,1.6,0.9
2009,Aljezur,ALJEZUR,37.1,1.9,2
2009,Marco de Canaveses,MARCO DE CANAVESES,39.1,0.9,1.1
2009,Góis,GÃ“IS,37.8,2.4,1.4
2009,Sernancelhe,SERNANCELHE,45,1,1.8
2009,Ourém,OURÃ‰M,41.2,2.1,1.4
2009,Penamacor,PENAMACOR,42.5,1.1,2.5
2009,Sines,SINES,41,1.7,1.2
2009,Torres Novas,TORRES NOVAS,37.3,2.1,1.5
2009,Amarante,AMARANTE,42.6,1,1.1
2009,Penacova,PENACOVA,42.5,1.8,1.4
2009,Póvoa de Varzim,PÃ“VOA DE VARZIM,43.1,1.5,0.8
2009,Santiago do Cacém,SANTIAGO DO CACÃ‰M,39.5,2.2,1.4
2009,Águeda,Ã\u0081GUEDA,40.7,2,1.3
2009,Arronches,ARRONCHES,32.9,1.2,0.8
2009,Figueira da Foz,FIGUEIRA DA FOZ,43,2.7,1.3
2009,Mação,MAÃ‡ÃƒO,28.5,1.3,1.8
2009,Mértola,MÃ‰RTOLA,35.8,1.4,1.8
2009,Vila Nova de Famalicão,VILA NOVA DE FAMALICÃƒO,31.8,1.3,0.9
2009,Vila Nova da Barquinha,VILA NOVA DA BARQUINHA,37.8,1.6,1
2009,Arouca,AROUCA,38.5,1.3,1.9
2009,Sabugal,SABUGAL,49.7,1.3,2.1
2009,Alvaiázere,ALVAIÃ\u0081ZERE,40.4,1.5,1.6
2009,Óbidos,Ã“BIDOS,42.7,3,1.4
2009,Marvão,MARVÃƒO,36.4,2.2,1.6
2009,Aveiro,AVEIRO,40.1,2.2,1
2009,Portalegre,PORTALEGRE,37.3,2.1,1.2
2009,Tabuaço,TABUAÃ‡O,41.5,0.8,1.9
2009,Serpa,SERPA,44.8,1.4,1.2
2009,Penela,PENELA,39.8,2.5,1.5
2009,Valpaços,VALPAÃ‡OS,52.8,1.2,1.8
2009,Paços de Ferreira,PAÃ‡OS DE FERREIRA,34.3,1.4,0.9
2009,Vila Nova de Gaia,VILA NOVA DE GAIA,34.7,1.7,1
2009,Alter do Chão,ALTER DO CHÃƒO,38.2,1.3,1.2
2009,Condeixa-a-Nova,CONDEIXA-A-NOVA,39.6,2.3,1
2009,Belmonte,BELMONTE,41.5,1.3,2.1
2009,Aguiar da Beira,AGUIAR DA BEIRA,44.8,1.1,1.8
2009,Vila Pouca de Aguiar,VILA POUCA DE AGUIAR,49.6,1,1.5
2009,Pombal,POMBAL,49.9,3.1,1.5
2009,Tondela,TONDELA,43,2.6,1.7
2009,Mangualde,MANGUALDE,41.8,1.3,1.4
2009,Macedo de Cavaleiros,MACEDO DE CAVALEIROS,49.6,1.4,1.5
2009,Moita,MOITA,42.1,1.5,1.4
2009,Torres Vedras,TORRES VEDRAS,38.3,2.1,1.6
2009,Ribeira de Pena,RIBEIRA DE PENA,50,0.8,1.2
2009,Viana do Castelo,VIANA DO CASTELO,40.3,1.9,1.2
2009,Pampilhosa da Serra,PAMPILHOSA DA SERRA,40.2,0.9,1.4
2009,Vila Nova de Poiares,VILA NOVA DE POIARES,44,2.9,2.3
2009,Monforte,MONFORTE,35.7,1.1,1
2009,Vagos,VAGOS,46,1.4,1.2
2009,Castro Marim,CASTRO MARIM,38.5,1.9,1.3
2009,Mortágua,MORTÃ\u0081GUA,49.7,2.5,1.5
2009,Porto de Mós,PORTO DE MÃ“S,36.8,2.6,1.7
2009,Monção,MONÃ‡ÃƒO,53,1.6,1.1
2009,Barreiro,BARREIRO,36.4,1.4,1.3
2009,Barrancos,BARRANCOS,38.9,1.6,1
2009,Sobral de Monte Agraço,SOBRAL DE MONTE AGRAÃ‡O,40.3,2.2,2.1
2009,Vila Verde,VILA VERDE,41,1.5,1.3
2009,Matosinhos,MATOSINHOS,33.9,1.6,1
2009,Montijo,MONTIJO,43.6,1.7,1.5
2009,Nelas,NELAS,42.9,1.9,2.6
2009,São João da Pesqueira,SÃƒO JOÃƒO DA PESQUEIRA,51.3,1.2,2.1
2009,Vila do Conde,VILA DO CONDE,36.5,1.5,0.8
2009,Batalha,BATALHA,35.8,3.1,2.1
2009,Elvas,ELVAS,49.5,1.7,1.1
2009,Leiria,LEIRIA,37.3,3.3,1.6
2009,Vila Nova de Paiva,VILA NOVA DE PAIVA,54.2,1.1,1.9
2009,Maia,MAIA,31.3,1.9,1.2
2009,Grândola,GRÃ‚NDOLA,35.5,1.1,1.1
2009,Arruda dos Vinhos,ARRUDA DOS VINHOS,35.7,2.3,1.6
2009,Albufeira,ALBUFEIRA,46.2,2.5,1.2
2009,Sever do Vouga,SEVER DO VOUGA,35.6,1.7,1.4
2009,Idanha-a-Nova,IDANHA-A-NOVA,39.6,1.3,2.5
2009,Estremoz,ESTREMOZ,37.1,1.5,1.4
2009,Vila Velha de Ródão,VILA VELHA DE RÃ“DÃƒO,29.3,1.2,1.4
2009,Fundão,FUNDÃƒO,41.8,1.6,1.8
2009,Anadia,ANADIA,42.6,2.3,1.3
2009,Santa Maria da Feira,SANTA MARIA DA FEIRA,36.4,1.6,1.2
2009,Baião,BAIÃƒO,39.9,0.7,1.5
2009,Almeida,ALMEIDA,42.7,1.3,1.5
2009,Monchique,MONCHIQUE,31.4,2.7,1.5
2009,Caldas da Rainha,CALDAS DA RAINHA,42.9,2.5,1.2
2009,Santarém,SANTARÃ‰M,37.1,2.2,1.3
2009,Vouzela,VOUZELA,38,2.1,1.3
2009,Carrazeda de Ansiães,CARRAZEDA DE ANSIÃƒES,45.2,1,2.3
2009,Gouveia,GOUVEIA,42.7,1.5,1.7
2009,Moimenta da Beira,MOIMENTA DA BEIRA,49.2,1.3,1.7
2009,Torre de Moncorvo,TORRE DE MONCORVO,45.7,1.2,1.4
2009,Olhão,OLHÃƒO,48.6,2.5,1.2
2009,Pedrógão Grande,PEDRÃ“GÃƒO GRANDE,42.2,2.6,2.1
2009,Oliveira de Azeméis,OLIVEIRA DE AZEMÃ‰IS,35.9,1.5,1.4
2009,Resende,RESENDE,38.2,0.8,2.1
2009,Alpiarça,ALPIARÃ‡A,36,2.3,1.1
2009,Mogadouro,MOGADOURO,45.1,1.1,2.2
2009,Setúbal,SETÃšBAL,41.4,1.6,1.2
2009,Castro Verde,CASTRO VERDE,40.7,1.5,0.8
2009,Lousã,LOUSÃƒ,37.7,3.2,1.3
2009,Santa Comba Dão,SANTA COMBA DÃƒO,40.6,2,1.5
2009,Avis,AVIS,30.4,1.7,1.1
2009,Entroncamento,ENTRONCAMENTO,35.9,2.1,1.4
2009,Vila Viçosa,VILA VIÃ‡OSA,39,1.8,1.3
2009,Vila de Rei,VILA DE REI,28.7,2.8,3.7
2009,Figueiró dos Vinhos,FIGUEIRÃ“ DOS VINHOS,33.8,1.9,1.4
2009,Fronteira,FRONTEIRA,33.9,0.8,1
2009,Trofa,TROFA,30.6,1.7,1.2
2009,Penedono,PENEDONO,51.7,1.6,2.7
2009,Alijó,ALIJÃ“,44.4,1.7,1.6
2009,Mesão Frio,MESÃƒO FRIO,38.7,0.8,1
2009,Castanheira de Pêra,CASTANHEIRA DE PÃŠRA,41.8,2.5,1.6
2009,Chamusca,CHAMUSCA,42.5,1.3,1.5
2009,Valença,VALENÃ‡A,45.5,1.7,1.1
2009,Alenquer,ALENQUER,36.3,1.7,1.4
2009,São João da Madeira,SÃƒO JOÃƒO DA MADEIRA,36.8,1.9,1
2009,Bragança,BRAGANÃ‡A,48.1,1.5,1.4
2009,Vila do Bispo,VILA DO BISPO,40.3,2.2,1.8
2005,Vila Real de Santo António,VILA REAL DE SANTO ANTÃ“NIO,41,1.4,0.9
2005,Nazaré,NAZARÃ‰,40.2,1.7,0.9
2005,Oliveira do Bairro,OLIVEIRA DO BAIRRO,34.5,1.5,1.1
2005,Cuba,CUBA,33.3,1.3,1.5
2005,Santa Marta de Penaguião,SANTA MARTA DE PENAGUIÃƒO,41.2,1.4,0.9
2005,Tarouca,TAROUCA,44.1,0.9,1.7
2005,Montemor-o-Velho,MONTEMOR-O-VELHO,38.5,1.9,1.4
2005,Alvito,ALVITO,33.9,1.8,0.9
2005,Proença-a-Nova,PROENÃ‡A-A-NOVA,32.4,1.5,1.4
2005,Constância,CONSTÃ‚NCIA,30.7,1.6,0.9
2005,Alcácer do Sal,ALCÃ\u0081CER DO SAL,34.2,1,0.7
2005,Reguengos de Monsaraz,REGUENGOS DE MONSARAZ,36.6,1.3,0.8
2005,Celorico da Beira,CELORICO DA BEIRA,41.8,1.2,1.3
2005,Murtosa,MURTOSA,46.1,1.7,1.4
2005,Miranda do Corvo,MIRANDA DO CORVO,32.7,2.1,1.1
2005,Penalva do Castelo,PENALVA DO CASTELO,41.3,1.4,1.4
2005,Ovar,OVAR,34.6,2,0.9
2005,Azambuja,AZAMBUJA,32.7,1.4,1.2
2005,Lamego,LAMEGO,37.4,1,1.3
2005,Coimbra,COIMBRA,32.5,2.7,0.9
2005,Loures,LOURES,31,2,1.2
2005,São Brás de Alportel,SÃƒO BRÃ\u0081S DE ALPORTEL,37.7,2.3,1.3
2005,Póvoa de Lanhoso,PÃ“VOA DE LANHOSO,36.8,1.3,1
2005,Abrantes,ABRANTES,35.7,1.5,1.3
2005,Terras de Bouro,TERRAS DE BOURO,38.3,1.3,1.4
2005,Esposende,ESPOSENDE,32.8,1.7,1.2
2005,Vinhais,VINHAIS,50.6,1.3,1.1
2005,Vimioso,VIMIOSO,50.4,0.9,2.3
2005,Almada,ALMADA,33.9,1.8,1.1
2005,Alfândega da Fé,ALFÃ‚NDEGA DA FÃ‰,36.1,1.3,1.4
2005,Cadaval,CADAVAL,37.2,1.8,1.6
2005,Castelo de Vide,CASTELO DE VIDE,32.6,2,1
2005,Lousada,LOUSADA,30.6,0.8,1.2
2005,Crato,CRATO,31.7,1.4,1.1
2005,Bombarral,BOMBARRAL,39.1,1.9,1.5
2005,Sousel,SOUSEL,31.8,1.1,0.9
2005,Oliveira de Frades,OLIVEIRA DE FRADES,33.4,1.9,1.1
2005,Viana do Alentejo,VIANA DO ALENTEJO,38.1,1.4,1.1
2005,Campo Maior,CAMPO MAIOR,35.9,1,0.8
2005,Silves,SILVES,38.2,2,1.5
2005,Valongo,VALONGO,29.2,2,1.3
2005,Sertã,SERTÃƒ,35,1.7,2
2005,Barcelos,BARCELOS,27.3,1.3,0.8
2005,Borba,BORBA,29.5,1,0.7
2005,Beja,BEJA,34.8,1.5,0.7
2005,Lagos,LAGOS,35.8,2.4,1.2
2005,Vila Real,VILA REAL,35.3,1.7,1.2
2005,Gondomar,GONDOMAR,30.5,2.1,1.3
2005,Almodôvar,ALMODÃ”VAR,40.6,1,1.5
2005,Benavente,BENAVENTE,39.4,1.8,1
2005,Sátão,SÃ\u0081TÃƒO,38.7,1.3,1.7
2005,Peso da Régua,PESO DA RÃ‰GUA,42.9,1.4,1
2005,Sesimbra,SESIMBRA,35.5,1.9,1.2
2005,Felgueiras,FELGUEIRAS,31.5,0.8,1.1
2005,Mafra,MAFRA,33.7,2.4,1.2
2005,Tomar,TOMAR,35.9,2.3,1.8
2005,Alcochete,ALCOCHETE,34.8,1.9,1
2005,Mirandela,MIRANDELA,42.4,1.4,1.3
2005,Ferreira do Zêzere,FERREIRA DO ZÃŠZERE,32,2.1,2
2005,Fafe,FAFE,32.5,1.4,1.2
2005,Figueira de Castelo Rodrigo,FIGUEIRA DE CASTELO RODRIGO,39.6,1.3,1.8
2005,Melgaço,MELGAÃ‡O,51.9,1.8,1
2005,Castelo de Paiva,CASTELO DE PAIVA,33,1.4,1.3
2005,Penafiel,PENAFIEL,28.4,1.1,1.5
2005,Mourão,MOURÃƒO,37.2,1.1,1.1
2005,Vila Flor,VILA FLOR,41,1,1.4
2005,Tábua,TÃ\u0081BUA,35.8,1.8,1.6
2005,Seixal,SEIXAL,34.3,1.8,1
2005,Coruche,CORUCHE,38.1,1.3,1
2005,Cascais,CASCAIS,35.2,2.5,1
2005,Sardoal,SARDOAL,25.7,2.4,1.3
2005,Ourique,OURIQUE,34.6,1.5,1.6
2005,Murça,MURÃ‡A,46.7,1.6,1.8
2005,Montemor-o-Novo,MONTEMOR-O-NOVO,30.1,1.2,0.6
2005,Peniche,PENICHE,42.4,2,0.9
2005,Nisa,NISA,33.5,1.5,1.5
2005,Miranda do Douro,MIRANDA DO DOURO,42.6,1.8,1.8
2005,Vendas Novas,VENDAS NOVAS,34.2,1.6,0.9
2005,Redondo,REDONDO,39.3,1,0.7
2005,Freixo de Espada à Cinta,FREIXO DE ESPADA Ã€ CINTA,39.8,1.2,1.1
2005,Mora,MORA,34.8,1.4,0.9
2005,Boticas,BOTICAS,45.8,0.8,1.4
2005,Mira,MIRA,37.8,1.6,1.2
2005,Oeiras,OEIRAS,31.1,2.6,1
2005,Vizela,VIZELA,27,0.7,0.7
2005,Aljustrel,ALJUSTREL,34,1,0.6
2005,Guarda,GUARDA,33.3,2.8,1.6
2005,Paredes de Coura,PAREDES DE COURA,44.7,1.2,0.9
2005,Castelo Branco,CASTELO BRANCO,33.3,1.6,1.2
2005,Soure,SOURE,35.3,2.1,1.5
2005,Chaves,CHAVES,43.4,1.7,1.4
2005,Ponte da Barca,PONTE DA BARCA,42.6,1,0.8
2005,Alandroal,ALANDROAL,33.3,0.7,0.5
2005,Vidigueira,VIDIGUEIRA,36.6,1.1,1.1
2005,Mealhada,MEALHADA,37.4,2.3,1
2005,Vieira do Minho,VIEIRA DO MINHO,40.1,0.9,1
2005,Mêda,MÃŠDA,43.2,0.8,2
2005,Santo Tirso,SANTO TIRSO,28.6,1.3,0.9
2005,Vila Nova de Foz Côa,VILA NOVA DE FOZ CÃ”A,43.7,1.6,1.3
2005,Ponte de Lima,PONTE DE LIMA,32.1,1.2,1.1
2005,Évora,Ã‰VORA,33.6,1.7,0.8
2005,Cabeceiras de Basto,CABECEIRAS DE BASTO,34.9,1.2,0.9
2005,Cartaxo,CARTAXO,34.5,1.9,1.3
2005,Marinha Grande,MARINHA GRANDE,34,2,1
2005,Moura,MOURA,44.4,0.9,0.8
2005,Oleiros,OLEIROS,37.5,1.7,1.9
2005,Carregal do Sal,CARREGAL DO SAL,42.4,2.1,1.4
2005,Ansião,ANSIÃƒO,33.2,1.8,1
2005,Trancoso,TRANCOSO,40.8,1.7,1.4
2005,Lisboa,LISBOA,34.9,2.2,1
2005,Pinhel,PINHEL,44.5,2,1.1
2005,Arraiolos,ARRAIOLOS,30.6,1.1,0.9
2005,Espinho,ESPINHO,28.7,2.1,1
2005,Covilhã,COVILHÃƒ,32.7,1.1,1
2005,Ponte de Sor,PONTE DE SOR,35.7,1.3,0.8
2005,Almeirim,ALMEIRIM,36.9,1.7,0.9
2005,Amadora,AMADORA,34.1,2,1.2
2005,Manteigas,MANTEIGAS,39.3,1.2,1.1
2005,Fornos de Algodres,FORNOS DE ALGODRES,35,1.5,1.2
2005,Alcanena,ALCANENA,32.9,1.7,1.4
2005,Golegã,GOLEGÃƒ,36.1,1.4,0.9
2005,Armamar,ARMAMAR,42,1.2,1.9
2005,Viseu,VISEU,36.5,2,1.1
2005,Albergaria-a-Velha,ALBERGARIA-A-VELHA,35.2,1.8,1
2005,Cantanhede,CANTANHEDE,38.9,2.2,1.4
2005,Rio Maior,RIO MAIOR,35.2,2,1.7
2005,Alcobaça,ALCOBAÃ‡A,32.9,2.4,1.3
2005,Portimão,PORTIMÃƒO,36.4,2.1,1.1
2005,Lourinhã,LOURINHÃƒ,36.6,2.3,1.4
2005,Portel,PORTEL,36.3,0.8,0.8
2005,Vila Nova de Cerveira,VILA NOVA DE CERVEIRA,36.9,1.5,1.2
2005,Faro,FARO,36.4,2,1
2005,Vila Franca de Xira,VILA FRANCA DE XIRA,32.3,1.8,0.9
2005,Montalegre,MONTALEGRE,48,0.9,0.9
2005,Vale de Cambra,VALE DE CAMBRA,31.4,1.9,1.6
2005,Ílhavo,Ã\u008dLHAVO,40.4,2.3,0.7
2005,Mondim de Basto,MONDIM DE BASTO,44.4,0.5,0.8
2005,Alcoutim,ALCOUTIM,38.4,1.3,2.1
2005,Celorico de Basto,CELORICO DE BASTO,38.5,0.9,1.3
2005,Caminha,CAMINHA,33.9,1.8,1
2005,Oliveira do Hospital,OLIVEIRA DO HOSPITAL,36,2.1,1.3
2005,Salvaterra de Magos,SALVATERRA DE MAGOS,41.8,1.6,1
2005,Palmela,PALMELA,37.2,1.7,1.3
2005,Castro Daire,CASTRO DAIRE,43.9,1.3,1.3
2005,São Pedro do Sul,SÃƒO PEDRO DO SUL,38,1.7,1.5
2005,Seia,SEIA,39.4,1.8,1.3
2005,Paredes,PAREDES,28.6,1.6,1.5
2005,Estarreja,ESTARREJA,37.7,1.9,1.3
2005,Guimarães,GUIMARÃƒES,28.5,1.2,0.7
2005,Sabrosa,SABROSA,41.3,0.8,1.9
2005,Cinfães,CINFÃƒES,42.3,0.8,1.1
2005,Gavião,GAVIÃƒO,35,1.5,1.2
2005,Arganil,ARGANIL,35.1,1.7,1.2
2005,Odivelas,ODIVELAS,31.9,2,1.3
2005,Sintra,SINTRA,35.1,2.2,1.1
2005,Ferreira do Alentejo,FERREIRA DO ALENTEJO,35.6,0.8,1
2005,Porto,PORTO,32.2,1.9,1
2005,Amares,AMARES,37.1,1.3,1
2005,Arcos de Valdevez,ARCOS DE VALDEVEZ,50.3,1.3,1.3
2005,Tavira,TAVIRA,38.6,2,1.8
2005,Lagoa,LAGOA,36.6,1.6,1.1
2005,Loulé,LOULÃ‰,41,2.5,1.4
2005,Odemira,ODEMIRA,35.7,1.3,1.4
2005,Braga,BRAGA,27.9,1.8,0.8
2005,Aljezur,ALJEZUR,38.1,1.5,1.8
2005,Marco de Canaveses,MARCO DE CANAVESES,37.2,1.1,1.1
2005,Góis,GÃ“IS,35.9,1.8,1.5
2005,Sernancelhe,SERNANCELHE,41.7,0.8,1.3
2005,Ourém,OURÃ‰M,33.8,2.2,1.7
2005,Penamacor,PENAMACOR,41.5,1.2,1.8
2005,Sines,SINES,38.2,1.5,0.9
2005,Torres Novas,TORRES NOVAS,32.2,1.7,1.3
2005,Amarante,AMARANTE,37.6,1.1,1.2
2005,Penacova,PENACOVA,37.5,1.7,1.3
2005,Póvoa de Varzim,PÃ“VOA DE VARZIM,37.2,1.6,0.9
2005,Santiago do Cacém,SANTIAGO DO CACÃ‰M,34.8,1.7,0.9
2005,Águeda,Ã\u0081GUEDA,35.9,2,0.8
2005,Arronches,ARRONCHES,34.6,1.5,0.8
2005,Figueira da Foz,FIGUEIRA DA FOZ,38.1,2.5,1.1
2005,Mação,MAÃ‡ÃƒO,29.1,1.8,1.6
2005,Mértola,MÃ‰RTOLA,36.3,1.1,1.5
2005,Vila Nova de Famalicão,VILA NOVA DE FAMALICÃƒO,27.9,1.2,0.8
2005,Vila Nova da Barquinha,VILA NOVA DA BARQUINHA,34.5,1.4,1.4
2005,Arouca,AROUCA,35,1.5,1
2005,Sabugal,SABUGAL,45.3,1.6,2
2005,Alvaiázere,ALVAIÃ\u0081ZERE,35.9,1.9,0.9
2005,Óbidos,Ã“BIDOS,39.1,2.2,1.1
2005,Marvão,MARVÃƒO,35.6,2,1.1
2005,Aveiro,AVEIRO,35.3,2.4,1
2005,Portalegre,PORTALEGRE,33.2,1.8,0.9
2005,Tabuaço,TABUAÃ‡O,39.3,0.6,1.7
2005,Serpa,SERPA,39.8,1.1,0.9
2005,Penela,PENELA,35.8,2.4,1.4
2005,Valpaços,VALPAÃ‡OS,51,1.2,1.7
2005,Paços de Ferreira,PAÃ‡OS DE FERREIRA,30.6,1.5,1
2005,Vila Nova de Gaia,VILA NOVA DE GAIA,29.8,2,1
2005,Alter do Chão,ALTER DO CHÃƒO,35.6,1.2,0.7
2005,Condeixa-a-Nova,CONDEIXA-A-NOVA,32.6,2.3,1.1
2005,Belmonte,BELMONTE,34.2,1.2,1.3
2005,Aguiar da Beira,AGUIAR DA BEIRA,41.9,1.2,2.3
2005,Vila Pouca de Aguiar,VILA POUCA DE AGUIAR,46.9,1,1.3
2005,Pombal,POMBAL,40.9,2.2,1.2
2005,Tondela,TONDELA,36.4,2.3,1.3
2005,Mangualde,MANGUALDE,41.8,1.8,1.2
2005,Macedo de Cavaleiros,MACEDO DE CAVALEIROS,44.7,1.7,1.5
2005,Moita,MOITA,37.3,1.3,0.8
2005,Torres Vedras,TORRES VEDRAS,35.4,2,1.1
2005,Ribeira de Pena,RIBEIRA DE PENA,41.2,0.5,1.1
2005,Viana do Castelo,VIANA DO CASTELO,34.1,1.7,0.9
2005,Pampilhosa da Serra,PAMPILHOSA DA SERRA,40,1.7,0.8
2005,Vila Nova de Poiares,VILA NOVA DE POIARES,36.4,3.4,2
2005,Monforte,MONFORTE,31.6,1,0.9
2005,Vagos,VAGOS,36.8,1.4,1.2
2005,Castro Marim,CASTRO MARIM,35.2,1.8,1.5
2005,Mortágua,MORTÃ\u0081GUA,44.1,2.5,1.6
2005,Porto de Mós,PORTO DE MÃ“S,31,2.4,1.6
2005,Monção,MONÃ‡ÃƒO,45.9,1.8,1
2005,Barreiro,BARREIRO,32.5,1.4,0.8
2005,Barrancos,BARRANCOS,39.3,1.5,1.7
2005,Sobral de Monte Agraço,SOBRAL DE MONTE AGRAÃ‡O,36.3,1.7,1.5
2005,Vila Verde,VILA VERDE,35.6,1.3,1.1
2005,Matosinhos,MATOSINHOS,29.2,1.8,1
2005,Montijo,MONTIJO,41.3,1.8,1.1
2005,Nelas,NELAS,44.1,12.3,1.6
2005,São João da Pesqueira,SÃƒO JOÃƒO DA PESQUEIRA,43.9,1,1.6
2005,Vila do Conde,VILA DO CONDE,31.6,1.6,0.9
2005,Batalha,BATALHA,29.8,2.7,1.7
2005,Elvas,ELVAS,38.9,1.2,0.8
2005,Leiria,LEIRIA,32.1,2.7,1.5
2005,Vila Nova de Paiva,VILA NOVA DE PAIVA,45.3,1.5,1.6
2005,Maia,MAIA,27.6,2.3,1.1
2005,Grândola,GRÃ‚NDOLA,31.8,1,0.6
2005,Arruda dos Vinhos,ARRUDA DOS VINHOS,33.5,1.5,1.2
2005,Albufeira,ALBUFEIRA,39.8,2.2,1.5
2005,Sever do Vouga,SEVER DO VOUGA,30.8,1.7,0.9
2005,Idanha-a-Nova,IDANHA-A-NOVA,35.1,1.3,2.3
2005,Estremoz,ESTREMOZ,35.2,1.4,1.1
2005,Vila Velha de Ródão,VILA VELHA DE RÃ“DÃƒO,29.9,0.9,1.3
2005,Fundão,FUNDÃƒO,36.5,1.5,1.6
2005,Anadia,ANADIA,36.9,2.4,1.1
2005,Santa Maria da Feira,SANTA MARIA DA FEIRA,31.4,1.7,0.9
2005,Baião,BAIÃƒO,36.6,0.7,1.9
2005,Almeida,ALMEIDA,41.2,1.6,1.5
2005,Monchique,MONCHIQUE,31.5,1.7,1.8
2005,Caldas da Rainha,CALDAS DA RAINHA,37.8,2.4,1
2005,Santarém,SANTARÃ‰M,32.4,1.9,1.1
2005,Vouzela,VOUZELA,35.7,1.5,1.1
2005,Carrazeda de Ansiães,CARRAZEDA DE ANSIÃƒES,45.8,1.4,2
2005,Gouveia,GOUVEIA,41.3,1.7,1.4
2005,Moimenta da Beira,MOIMENTA DA BEIRA,45.3,1,1.6
2005,Torre de Moncorvo,TORRE DE MONCORVO,44.2,1.3,1.6
2005,Olhão,OLHÃƒO,42.8,2.2,1.1
2005,Pedrógão Grande,PEDRÃ“GÃƒO GRANDE,33.7,2.3,1.9
2005,Oliveira de Azeméis,OLIVEIRA DE AZEMÃ‰IS,31.1,1.6,1
2005,Resende,RESENDE,38.1,0.9,1.6
2005,Alpiarça,ALPIARÃ‡A,30.9,1.5,0.7
2005,Mogadouro,MOGADOURO,42.5,1.5,1.3
2005,Setúbal,SETÃšBAL,36.5,1.7,1
2005,Castro Verde,CASTRO VERDE,37.2,0.9,0.5
2005,Lousã,LOUSÃƒ,32.7,2.9,1.2
2005,Santa Comba Dão,SANTA COMBA DÃƒO,38.7,2.2,1.5
2005,Avis,AVIS,27.3,1.3,0.6
2005,Entroncamento,ENTRONCAMENTO,31.2,2,1.3
2005,Vila Viçosa,VILA VIÃ‡OSA,34.5,1,0.7
2005,Vila de Rei,VILA DE REI,28.6,2.4,2.6
2005,Figueiró dos Vinhos,FIGUEIRÃ“ DOS VINHOS,29.1,2.2,1.1
2005,Fronteira,FRONTEIRA,33.2,1.6,1.3
2005,Trofa,TROFA,27.7,1.7,1.2
2005,Penedono,PENEDONO,43.9,1.6,1.6
2005,Alijó,ALIJÃ“,41,1.3,1.5
2005,Mesão Frio,MESÃƒO FRIO,38.8,1.2,0.9
2005,Castanheira de Pêra,CASTANHEIRA DE PÃŠRA,34.9,1.6,1.3
2005,Chamusca,CHAMUSCA,36.6,1.3,0.8
2005,Valença,VALENÃ‡A,41.7,2,1
2005,Alenquer,ALENQUER,33.2,1.6,0.9
2005,São João da Madeira,SÃƒO JOÃƒO DA MADEIRA,31.5,2.2,0.7
2005,Bragança,BRAGANÃ‡A,45.1,1.7,1.3
2005,Vila do Bispo,VILA DO BISPO,34.5,1.8,0.7
2002,Vila Real de Santo António,VILA REAL DE SANTO ANTÃ“NIO,45.6,1,0.8
2002,Nazaré,NAZARÃ‰,43.8,1.1,0.8
2002,Oliveira do Bairro,OLIVEIRA DO BAIRRO,34.4,0.9,1.1
2002,Cuba,CUBA,37.3,0.9,1
2002,Santa Marta de Penaguião,SANTA MARTA DE PENAGUIÃƒO,42.4,0.5,0.8
2002,Tarouca,TAROUCA,46.3,0.6,1.6
2002,Montemor-o-Velho,MONTEMOR-O-VELHO,42.2,0.9,1
2002,Alvito,ALVITO,40.5,1.5,0.9
2002,Proença-a-Nova,PROENÃ‡A-A-NOVA,33,0.8,1.4
2002,Constância,CONSTÃ‚NCIA,34.3,1.9,1.4
2002,Alcácer do Sal,ALCÃ\u0081CER DO SAL,40.7,1,1.1
2002,Reguengos de Monsaraz,REGUENGOS DE MONSARAZ,43,0.6,0.8
2002,Celorico da Beira,CELORICO DA BEIRA,44.6,0.7,1.3
2002,Murtosa,MURTOSA,46.3,0.5,0.6
2002,Miranda do Corvo,MIRANDA DO CORVO,36.6,1.1,0.8
2002,Penalva do Castelo,PENALVA DO CASTELO,42.5,0.6,1.4
2002,Ovar,OVAR,39,1.1,0.7
2002,Azambuja,AZAMBUJA,36.9,1.3,1.3
2002,Lamego,LAMEGO,39.3,0.5,1.1
2002,Coimbra,COIMBRA,36.2,1.2,0.7
2002,Loures,LOURES,33.9,1.3,1
2002,São Brás de Alportel,SÃƒO BRÃ\u0081S DE ALPORTEL,41.4,1.4,1
2002,Póvoa de Lanhoso,PÃ“VOA DE LANHOSO,36.3,0.7,0.9
2002,Abrantes,ABRANTES,38.8,1.1,1.2
2002,Terras de Bouro,TERRAS DE BOURO,39.3,0.6,0.9
2002,Esposende,ESPOSENDE,33.8,0.8,0.9
2002,Vinhais,VINHAIS,47.9,0.6,1.3
2002,Vimioso,VIMIOSO,48.7,0.8,2
2002,Almada,ALMADA,37.6,1.3,0.9
2002,Alfândega da Fé,ALFÃ‚NDEGA DA FÃ‰,36.6,0.6,1
2002,Cadaval,CADAVAL,38.8,1.1,1
2002,Castelo de Vide,CASTELO DE VIDE,37.3,1,0.9
2002,Lousada,LOUSADA,34.3,0.5,1
2002,Crato,CRATO,34.2,0.6,1.5
2002,Bombarral,BOMBARRAL,41.3,0.8,0.9
2002,Sousel,SOUSEL,33.4,1.3,1.3
2002,Oliveira de Frades,OLIVEIRA DE FRADES,34.2,0.8,0.7
2002,Viana do Alentejo,VIANA DO ALENTEJO,45.7,1.2,1.6
2002,Campo Maior,CAMPO MAIOR,40.2,1.1,0.6
2002,Silves,SILVES,42,1.2,1.6
2002,Valongo,VALONGO,34.3,1.2,1
2002,Sertã,SERTÃƒ,35.8,0.8,1.2
2002,Barcelos,BARCELOS,28.9,0.7,0.7
2002,Borba,BORBA,35.6,0.6,0.6
2002,Beja,BEJA,39.3,1,0.9
2002,Lagos,LAGOS,38.7,1.5,1
2002,Vila Real,VILA REAL,35.8,0.8,1.2
2002,Gondomar,GONDOMAR,34.7,1.3,1
2002,Almodôvar,ALMODÃ”VAR,43.5,0.7,1.1
2002,Benavente,BENAVENTE,44.1,1.1,0.7
2002,Sátão,SÃ\u0081TÃƒO,39.1,0.6,1.4
2002,Peso da Régua,PESO DA RÃ‰GUA,45,0.7,1.1
2002,Sesimbra,SESIMBRA,39.4,1.3,1
2002,Felgueiras,FELGUEIRAS,34.1,0.4,1
2002,Mafra,MAFRA,36.8,1.4,1
2002,Tomar,TOMAR,38.1,1.3,1.1
2002,Alcochete,ALCOCHETE,39.3,1.1,0.6
2002,Mirandela,MIRANDELA,42.4,0.5,1.4
2002,Ferreira do Zêzere,FERREIRA DO ZÃŠZERE,33,0.9,1.2
2002,Fafe,FAFE,35.4,0.7,1
2002,Figueira de Castelo Rodrigo,FIGUEIRA DE CASTELO RODRIGO,39.5,0.6,1.4
2002,Melgaço,MELGAÃ‡O,51.7,0.6,1.1
2002,Castelo de Paiva,CASTELO DE PAIVA,36.9,0.9,0.8
2002,Penafiel,PENAFIEL,31.2,0.7,1.3
2002,Mourão,MOURÃƒO,38.8,0.7,1.1
2002,Vila Flor,VILA FLOR,40.3,0.6,1.4
2002,Tábua,TÃ\u0081BUA,37.2,0.9,1.5
2002,Seixal,SEIXAL,38.2,1.3,0.9
2002,Coruche,CORUCHE,40.3,0.9,0.7
2002,Cascais,CASCAIS,38.2,1.1,0.6
2002,Sardoal,SARDOAL,28.6,1.5,1.1
2002,Ourique,OURIQUE,37.4,0.8,1.3
2002,Murça,MURÃ‡A,43.2,0.7,1.4
2002,Montemor-o-Novo,MONTEMOR-O-NOVO,33.1,1,0.5
2002,Peniche,PENICHE,43.8,1.2,0.8
2002,Nisa,NISA,37,0.7,1.3
2002,Miranda do Douro,MIRANDA DO DOURO,42.4,0.9,1.8
2002,Vendas Novas,VENDAS NOVAS,37.1,1.2,0.8
2002,Redondo,REDONDO,44.9,0.8,1
2002,Freixo de Espada à Cinta,FREIXO DE ESPADA Ã€ CINTA,39.7,0.5,1.4
2002,Mora,MORA,37.4,1.1,1
2002,Boticas,BOTICAS,42.6,0.5,1.8
2002,Mira,MIRA,39.2,1,1.1
2002,Oeiras,OEIRAS,34.1,1.3,0.6
2002,Vizela,VIZELA,34.2,0.4,0.6
2002,Aljustrel,ALJUSTREL,40,1.2,0.8
2002,Guarda,GUARDA,36.1,1,1.1
2002,Paredes de Coura,PAREDES DE COURA,45,0.8,1.1
2002,Castelo Branco,CASTELO BRANCO,36.3,1,1
2002,Soure,SOURE,37,1.2,1.3
2002,Chaves,CHAVES,42.4,0.9,1.2
2002,Ponte da Barca,PONTE DA BARCA,41.1,0.5,1
2002,Alandroal,ALANDROAL,38,0.3,0.9
2002,Vidigueira,VIDIGUEIRA,39.9,0.9,1
2002,Mealhada,MEALHADA,41.3,1.4,0.8
2002,Vieira do Minho,VIEIRA DO MINHO,39.4,0.5,1.1
2002,Mêda,MÃŠDA,41.3,0.6,1
2002,Santo Tirso,SANTO TIRSO,32.4,0.6,0.9
2002,Vila Nova de Foz Côa,VILA NOVA DE FOZ CÃ”A,43.3,0.7,1.1
2002,Ponte de Lima,PONTE DE LIMA,33.2,0.8,1.6
2002,Évora,Ã‰VORA,37.2,1,0.7
2002,Cabeceiras de Basto,CABECEIRAS DE BASTO,34.7,0.3,1.1
2002,Cartaxo,CARTAXO,38.1,1.5,1
2002,Marinha Grande,MARINHA GRANDE,39,1.5,1.1
2002,Moura,MOURA,51.6,0.7,1.2
2002,Oleiros,OLEIROS,37.1,0.8,1.3
2002,Carregal do Sal,CARREGAL DO SAL,42.8,0.9,1.2
2002,Ansião,ANSIÃƒO,32.9,0.8,0.9
2002,Trancoso,TRANCOSO,41.7,0.8,1.8
2002,Lisboa,LISBOA,37.2,1,0.7
2002,Pinhel,PINHEL,47.2,1.1,1.2
2002,Arraiolos,ARRAIOLOS,35.5,0.8,0.9
2002,Espinho,ESPINHO,31.7,1.3,0.8
2002,Covilhã,COVILHÃƒ,38,0.8,1
2002,Ponte de Sor,PONTE DE SOR,39.3,0.8,0.9
2002,Almeirim,ALMEIRIM,40.7,1.3,0.8
2002,Amadora,AMADORA,37.3,1.2,0.9
2002,Manteigas,MANTEIGAS,43.2,0.7,0.9
2002,Fornos de Algodres,FORNOS DE ALGODRES,36.4,0.9,1.5
2002,Alcanena,ALCANENA,34.7,1.1,1.3
2002,Golegã,GOLEGÃƒ,39.6,1.1,0.6
2002,Armamar,ARMAMAR,39.9,0.4,1.6
2002,Viseu,VISEU,40.2,0.9,0.9
2002,Albergaria-a-Velha,ALBERGARIA-A-VELHA,36.8,0.8,0.7
2002,Cantanhede,CANTANHEDE,39.2,1,1
2002,Rio Maior,RIO MAIOR,36.6,1.3,1.2
2002,Alcobaça,ALCOBAÃ‡A,35,1.4,1.1
2002,Portimão,PORTIMÃƒO,38.4,1.4,1
2002,Lourinhã,LOURINHÃƒ,37.1,1.1,1
2002,Portel,PORTEL,40.3,0.4,0.7
2002,Vila Nova de Cerveira,VILA NOVA DE CERVEIRA,35.4,1.1,0.8
2002,Faro,FARO,39.8,1.4,0.8
2002,Vila Franca de Xira,VILA FRANCA DE XIRA,36.3,1.3,0.8
2002,Montalegre,MONTALEGRE,47.5,0.6,1.3
2002,Vale de Cambra,VALE DE CAMBRA,32.7,0.8,1.4
2002,Ílhavo,Ã\u008dLHAVO,42.3,1.1,0.7
2002,Mondim de Basto,MONDIM DE BASTO,44.8,0.4,1.1
2002,Alcoutim,ALCOUTIM,39,0.4,1.6
2002,Celorico de Basto,CELORICO DE BASTO,39.4,0.5,0.9
2002,Caminha,CAMINHA,34.9,0.8,0.8
2002,Oliveira do Hospital,OLIVEIRA DO HOSPITAL,37.7,1.1,1
2002,Salvaterra de Magos,SALVATERRA DE MAGOS,47.1,1.1,1.1
2002,Palmela,PALMELA,42.5,1.2,0.9
2002,Castro Daire,CASTRO DAIRE,44.7,0.5,1.2
2002,São Pedro do Sul,SÃƒO PEDRO DO SUL,39.8,1,1.1
2002,Seia,SEIA,41.1,0.9,1.3
2002,Paredes,PAREDES,32,0.7,1.3
2002,Estarreja,ESTARREJA,39.5,0.8,0.8
2002,Guimarães,GUIMARÃƒES,32.3,0.7,0.7
2002,Sabrosa,SABROSA,40.2,0.5,1.7
2002,Cinfães,CINFÃƒES,44.9,0.3,1.1
2002,Gavião,GAVIÃƒO,36.5,0.7,1.2
2002,Arganil,ARGANIL,35.5,1.2,1.3
2002,Odivelas,ODIVELAS,34.9,1.3,0.9
2002,Sintra,SINTRA,38.3,1.2,0.8
2002,Ferreira do Alentejo,FERREIRA DO ALENTEJO,40.3,0.4,0.8
2002,Porto,PORTO,35.8,1,0.7
2002,Amares,AMARES,38.7,0.5,0.7
2002,Arcos de Valdevez,ARCOS DE VALDEVEZ,49.2,0.8,1.3
2002,Tavira,TAVIRA,41,1.2,1.5
2002,Lagoa,LAGOA,38,1.3,1.1
2002,Loulé,LOULÃ‰,44.8,1.5,1.3
2002,Odemira,ODEMIRA,40.9,1.1,1.4
2002,Braga,BRAGA,30.3,0.9,0.7
2002,Aljezur,ALJEZUR,42.5,1.4,1.7
2002,Marco de Canaveses,MARCO DE CANAVESES,38.9,0.6,1.2
2002,Góis,GÃ“IS,35.7,1.5,0.9
2002,Sernancelhe,SERNANCELHE,41.9,0.4,1
2002,Ourém,OURÃ‰M,33.3,0.8,0.8
2002,Penamacor,PENAMACOR,45.2,0.5,1.5
2002,Sines,SINES,44.5,1.3,0.7
2002,Torres Novas,TORRES NOVAS,35.4,1.2,0.8
2002,Amarante,AMARANTE,38.9,0.6,1.2
2002,Penacova,PENACOVA,38.4,0.7,0.9
2002,Póvoa de Varzim,PÃ“VOA DE VARZIM,39.2,0.9,0.8
2002,Santiago do Cacém,SANTIAGO DO CACÃ‰M,39.9,0.9,0.8
2002,Águeda,Ã\u0081GUEDA,38.4,0.9,0.9
2002,Arronches,ARRONCHES,37.9,0.8,0.9
2002,Figueira da Foz,FIGUEIRA DA FOZ,42.2,1.4,0.9
2002,Mação,MAÃ‡ÃƒO,30.2,1,1.2
2002,Mértola,MÃ‰RTOLA,41,0.6,2
2002,Vila Nova de Famalicão,VILA NOVA DE FAMALICÃƒO,31.1,0.7,0.6
2002,Vila Nova da Barquinha,VILA NOVA DA BARQUINHA,36.4,1.5,0.9
2002,Arouca,AROUCA,35.5,0.6,1
2002,Sabugal,SABUGAL,45.6,0.6,1.5
2002,Alvaiázere,ALVAIÃ\u0081ZERE,34.6,0.6,0.9
2002,Óbidos,Ã“BIDOS,40.5,1.1,0.9
2002,Marvão,MARVÃƒO,38.3,1.2,0.9
2002,Aveiro,AVEIRO,36.9,1.3,0.7
2002,Portalegre,PORTALEGRE,36.2,1.2,0.6
2002,Tabuaço,TABUAÃ‡O,38.9,0.5,1.1
2002,Serpa,SERPA,44.5,0.9,0.9
2002,Penela,PENELA,36.2,1.5,1.1
2002,Valpaços,VALPAÃ‡OS,44.4,0.4,1.6
2002,Paços de Ferreira,PAÃ‡OS DE FERREIRA,33.9,0.7,0.8
2002,Vila Nova de Gaia,VILA NOVA DE GAIA,33.7,1.2,0.9
2002,Alter do Chão,ALTER DO CHÃƒO,35.2,0.6,1.1
2002,Condeixa-a-Nova,CONDEIXA-A-NOVA,35.7,1,1
2002,Belmonte,BELMONTE,38.4,0.9,1.1
2002,Aguiar da Beira,AGUIAR DA BEIRA,40.2,0.3,1.7
2002,Vila Pouca de Aguiar,VILA POUCA DE AGUIAR,47.7,0.6,1.5
2002,Pombal,POMBAL,42.1,1,1
2002,Tondela,TONDELA,37,0.9,0.9
2002,Mangualde,MANGUALDE,42.9,0.8,1
2002,Macedo de Cavaleiros,MACEDO DE CAVALEIROS,46.3,0.9,1.4
2002,Moita,MOITA,41.4,1.2,0.9
2002,Torres Vedras,TORRES VEDRAS,37.3,0.9,0.9
2002,Ribeira de Pena,RIBEIRA DE PENA,43.6,0.2,1.3
2002,Viana do Castelo,VIANA DO CASTELO,35.3,1.1,0.9
2002,Pampilhosa da Serra,PAMPILHOSA DA SERRA,39.2,0.8,1.6
2002,Vila Nova de Poiares,VILA NOVA DE POIARES,39.9,2.1,1
2002,Monforte,MONFORTE,35.4,0.6,0.8
2002,Vagos,VAGOS,37.5,0.5,1.1
2002,Castro Marim,CASTRO MARIM,36.2,0.9,1.4
2002,Mortágua,MORTÃ\u0081GUA,43.4,1.6,1
2002,Porto de Mós,PORTO DE MÃ“S,32.6,1.3,1.1
2002,Monção,MONÃ‡ÃƒO,47.5,0.9,1
2002,Barreiro,BARREIRO,37.3,1,0.8
2002,Barrancos,BARRANCOS,40.8,1.6,1.6
2002,Sobral de Monte Agraço,SOBRAL DE MONTE AGRAÃ‡O,41.5,1,1.1
2002,Vila Verde,VILA VERDE,36.5,0.7,0.8
2002,Matosinhos,MATOSINHOS,33.2,1.2,0.8
2002,Montijo,MONTIJO,44.8,1,0.9
2002,Nelas,NELAS,42.6,0.9,1.1
2002,São João da Pesqueira,SÃƒO JOÃƒO DA PESQUEIRA,45.4,0.6,1.6
2002,Vila do Conde,VILA DO CONDE,33.7,0.9,0.9
2002,Batalha,BATALHA,29.4,1.3,1.2
2002,Elvas,ELVAS,44.5,0.8,1
2002,Leiria,LEIRIA,34.2,1.5,1
2002,Vila Nova de Paiva,VILA NOVA DE PAIVA,45.2,0.8,1
2002,Maia,MAIA,30.9,1.3,1
2002,Grândola,GRÃ‚NDOLA,35,0.9,0.5
2002,Arruda dos Vinhos,ARRUDA DOS VINHOS,37.1,1.3,1.1
2002,Albufeira,ALBUFEIRA,43.4,1.2,1.1
2002,Sever do Vouga,SEVER DO VOUGA,31.2,0.8,0.7
2002,Idanha-a-Nova,IDANHA-A-NOVA,37.7,0.6,2.1
2002,Estremoz,ESTREMOZ,39.3,1,0.9
2002,Vila Velha de Ródão,VILA VELHA DE RÃ“DÃƒO,28.9,0.6,1.1
2002,Fundão,FUNDÃƒO,39.7,0.8,1.1
2002,Anadia,ANADIA,37.8,1.4,0.9
2002,Santa Maria da Feira,SANTA MARIA DA FEIRA,34.9,1,0.8
2002,Baião,BAIÃƒO,39.8,0.4,1.9
2002,Almeida,ALMEIDA,41.3,1.1,1.1
2002,Monchique,MONCHIQUE,33.7,1.4,1.7
2002,Caldas da Rainha,CALDAS DA RAINHA,39.7,1.1,0.8
2002,Santarém,SANTARÃ‰M,35.8,1.1,0.8
2002,Vouzela,VOUZELA,38.6,0.6,0.8
2002,Carrazeda de Ansiães,CARRAZEDA DE ANSIÃƒES,42.1,0.5,1.7
2002,Gouveia,GOUVEIA,41.6,0.8,1.1
2002,Moimenta da Beira,MOIMENTA DA BEIRA,46.3,0.6,1.2
2002,Torre de Moncorvo,TORRE DE MONCORVO,42.6,0.4,1.4
2002,Olhão,OLHÃƒO,47,1.5,1
2002,Pedrógão Grande,PEDRÃ“GÃƒO GRANDE,33.1,1,1.2
2002,Oliveira de Azeméis,OLIVEIRA DE AZEMÃ‰IS,34.6,0.9,0.8
2002,Resende,RESENDE,39.5,0.4,1.7
2002,Alpiarça,ALPIARÃ‡A,34.6,1.1,0.7
2002,Mogadouro,MOGADOURO,42.6,0.7,1.4
2002,Setúbal,SETÃšBAL,40.6,1,0.6
2002,Castro Verde,CASTRO VERDE,43,1.1,1.2
2002,Lousã,LOUSÃƒ,35,1.8,0.9
2002,Santa Comba Dão,SANTA COMBA DÃƒO,38.8,0.8,1.2
2002,Avis,AVIS,29.9,1,0.6
2002,Entroncamento,ENTRONCAMENTO,34.9,1.5,0.7
2002,Vila Viçosa,VILA VIÃ‡OSA,40.9,0.9,0.5
2002,Vila de Rei,VILA DE REI,29.4,1.1,1.8
2002,Figueiró dos Vinhos,FIGUEIRÃ“ DOS VINHOS,30.8,0.9,1.3
2002,Fronteira,FRONTEIRA,31.5,0.7,0.9
2002,Trofa,TROFA,31.5,1,1
2002,Penedono,PENEDONO,48.1,1.2,1.5
2002,Alijó,ALIJÃ“,41.9,0.5,1.5
2002,Mesão Frio,MESÃƒO FRIO,43.9,0.8,0.7
2002,Castanheira de Pêra,CASTANHEIRA DE PÃŠRA,38.3,1.1,1.3
2002,Chamusca,CHAMUSCA,42.5,1,1.1
2002,Valença,VALENÃ‡A,41.4,0.9,0.9
2002,Alenquer,ALENQUER,35.8,1.1,0.9
2002,São João da Madeira,SÃƒO JOÃƒO DA MADEIRA,35.5,1.3,0.5
2002,Bragança,BRAGANÃ‡A,44.8,0.8,1
2002,Vila do Bispo,VILA DO BISPO,38.7,0.8,0.9
1999,Vila Real de Santo António,VILA REAL DE SANTO ANTÃ“NIO,47.7,1.2,1
1999,Nazaré,NAZARÃ‰,43.4,1.3,0.9
1999,Oliveira do Bairro,OLIVEIRA DO BAIRRO,34.8,0.7,1.1
1999,Cuba,CUBA,36.3,0.7,0.8
1999,Santa Marta de Penaguião,SANTA MARTA DE PENAGUIÃƒO,40.6,0.7,1.2
1999,Tarouca,TAROUCA,48.3,0.5,1.2
1999,Montemor-o-Velho,MONTEMOR-O-VELHO,43.9,0.8,1
1999,Alvito,ALVITO,34,1.2,0.8
1999,Proença-a-Nova,PROENÃ‡A-A-NOVA,33.6,0.8,1.1
1999,Constância,CONSTÃ‚NCIA,32.2,1.2,1.5
1999,Alcácer do Sal,ALCÃ\u0081CER DO SAL,38.7,0.9,0.9
1999,Reguengos de Monsaraz,REGUENGOS DE MONSARAZ,41.6,0.9,1.1
1999,Celorico da Beira,CELORICO DA BEIRA,39.8,0.5,1.6
1999,Murtosa,MURTOSA,47,0.7,0.9
1999,Miranda do Corvo,MIRANDA DO CORVO,35.8,0.8,1.1
1999,Penalva do Castelo,PENALVA DO CASTELO,43.4,0.8,1.3
1999,Ovar,OVAR,38.5,1,0.7
1999,Azambuja,AZAMBUJA,38.2,1.2,1
1999,Lamego,LAMEGO,41.2,0.7,1.1
1999,Coimbra,COIMBRA,37.3,1.3,0.7
1999,Loures,LOURES,34.7,1.4,0.9
1999,São Brás de Alportel,SÃƒO BRÃ\u0081S DE ALPORTEL,41,1.6,1.1
1999,Póvoa de Lanhoso,PÃ“VOA DE LANHOSO,33.9,0.5,0.8
1999,Abrantes,ABRANTES,39.5,1.2,1.1
1999,Terras de Bouro,TERRAS DE BOURO,38.9,0.4,1
1999,Esposende,ESPOSENDE,34.4,0.8,1
1999,Vinhais,VINHAIS,51.3,0.6,1
1999,Vimioso,VIMIOSO,50.5,0.6,1.8
1999,Almada,ALMADA,38.4,1.3,0.9
1999,Alfândega da Fé,ALFÃ‚NDEGA DA FÃ‰,37.7,0.8,1.5
1999,Cadaval,CADAVAL,44.9,1,1.2
1999,Castelo de Vide,CASTELO DE VIDE,33.3,1.5,0.8
1999,Lousada,LOUSADA,34.2,0.5,0.7
1999,Crato,CRATO,34.2,1.4,1
1999,Bombarral,BOMBARRAL,42.2,1,0.9
1999,Sousel,SOUSEL,33.1,1.6,1.1
1999,Oliveira de Frades,OLIVEIRA DE FRADES,37.4,0.9,0.9
1999,Viana do Alentejo,VIANA DO ALENTEJO,44,1.1,1.2
1999,Campo Maior,CAMPO MAIOR,38.8,1.2,0.6
1999,Silves,SILVES,42.1,1.3,1.4
1999,Valongo,VALONGO,33.3,1.1,0.9
1999,Sertã,SERTÃƒ,36.3,0.8,1.4
1999,Barcelos,BARCELOS,28.6,0.7,0.7
1999,Borba,BORBA,34.7,0.7,0.9
1999,Beja,BEJA,38.8,1.2,0.7
1999,Lagos,LAGOS,39.5,1.4,0.9
1999,Vila Real,VILA REAL,35.8,0.8,1.2
1999,Gondomar,GONDOMAR,34.2,1.3,0.8
1999,Almodôvar,ALMODÃ”VAR,43.1,0.8,1.9
1999,Benavente,BENAVENTE,44.6,1.4,0.9
1999,Sátão,SÃ\u0081TÃƒO,40.4,0.8,1.4
1999,Peso da Régua,PESO DA RÃ‰GUA,46.7,0.7,1.2
1999,Sesimbra,SESIMBRA,40,1.5,0.9
1999,Felgueiras,FELGUEIRAS,33.4,0.4,0.8
1999,Mafra,MAFRA,38.1,1.2,1.2
1999,Tomar,TOMAR,38.1,1.3,1.4
1999,Alcochete,ALCOCHETE,39.3,1,0.7
1999,Mirandela,MIRANDELA,45.8,0.8,1
1999,Ferreira do Zêzere,FERREIRA DO ZÃŠZERE,35.5,1,2
1999,Fafe,FAFE,33.9,0.7,0.8
1999,Figueira de Castelo Rodrigo,FIGUEIRA DE CASTELO RODRIGO,38.7,0.7,1.5
1999,Melgaço,MELGAÃ‡O,51.8,0.9,1.2
1999,Castelo de Paiva,CASTELO DE PAIVA,37,0.8,0.9
1999,Penafiel,PENAFIEL,33.1,0.7,0.9
1999,Mourão,MOURÃƒO,38.3,0.9,1.3
1999,Vila Flor,VILA FLOR,40.2,0.7,1.2
1999,Tábua,TÃ\u0081BUA,37.5,0.9,1.4
1999,Seixal,SEIXAL,38.8,1.4,0.9
1999,Coruche,CORUCHE,43.4,1,0.7
1999,Cascais,CASCAIS,40.2,1.4,0.7
1999,Sardoal,SARDOAL,26.4,1.6,1.5
1999,Ourique,OURIQUE,38.1,1.1,1.2
1999,Murça,MURÃ‡A,45.7,1,1.9
1999,Montemor-o-Novo,MONTEMOR-O-NOVO,32.3,0.9,0.7
1999,Peniche,PENICHE,44,1.2,0.9
1999,Nisa,NISA,33.6,1,1.4
1999,Miranda do Douro,MIRANDA DO DOURO,47.3,1.1,1.7
1999,Vendas Novas,VENDAS NOVAS,37.6,1.2,0.8
1999,Redondo,REDONDO,46.7,0.9,0.9
1999,Freixo de Espada à Cinta,FREIXO DE ESPADA Ã€ CINTA,38.6,1.1,0.9
1999,Mora,MORA,36.1,1.1,0.9
1999,Boticas,BOTICAS,44.4,0.3,1.5
1999,Mira,MIRA,40.5,1,1.1
1999,Oeiras,OEIRAS,35.5,1.4,0.7
1999,Vizela,VIZELA,32.1,0.3,0.6
1999,Aljustrel,ALJUSTREL,38.3,1.2,1
1999,Guarda,GUARDA,35.5,1.1,1.5
1999,Paredes de Coura,PAREDES DE COURA,45.3,0.8,1.3
1999,Castelo Branco,CASTELO BRANCO,34.7,1,1
1999,Soure,SOURE,39.7,1,1.4
1999,Chaves,CHAVES,42.8,1.1,1.3
1999,Ponte da Barca,PONTE DA BARCA,40.4,0.7,0.6
1999,Alandroal,ALANDROAL,40,0.3,0.8
1999,Vidigueira,VIDIGUEIRA,39.3,0.9,1.2
1999,Mealhada,MEALHADA,40.6,1.1,1
1999,Vieira do Minho,VIEIRA DO MINHO,40.2,0.4,0.9
1999,Mêda,MÃŠDA,44.1,0.6,1.7
1999,Santo Tirso,SANTO TIRSO,31.9,0.6,0.8
1999,Vila Nova de Foz Côa,VILA NOVA DE FOZ CÃ”A,40.9,0.5,1.2
1999,Ponte de Lima,PONTE DE LIMA,32.3,0.6,1.4
1999,Évora,Ã‰VORA,37.3,1.2,0.8
1999,Cabeceiras de Basto,CABECEIRAS DE BASTO,37.9,0.6,1
1999,Cartaxo,CARTAXO,37,1.2,1
1999,Marinha Grande,MARINHA GRANDE,39.3,1.5,0.9
1999,Moura,MOURA,51.1,0.8,0.9
1999,Oleiros,OLEIROS,38.9,0.7,1.3
1999,Carregal do Sal,CARREGAL DO SAL,42.8,0.7,1.3
1999,Ansião,ANSIÃƒO,33.9,0.7,0.8
1999,Trancoso,TRANCOSO,44.8,0.8,1.6
1999,Lisboa,LISBOA,39.5,1.2,0.8
1999,Pinhel,PINHEL,47.9,0.9,1.5
1999,Arraiolos,ARRAIOLOS,33.1,0.9,1.2
1999,Espinho,ESPINHO,31.8,1.2,0.7
1999,Covilhã,COVILHÃƒ,36.3,0.8,1.1
1999,Ponte de Sor,PONTE DE SOR,38.5,1,0.8
1999,Almeirim,ALMEIRIM,40,1.1,0.8
1999,Amadora,AMADORA,38,1.2,0.9
1999,Manteigas,MANTEIGAS,43.2,0.9,1.2
1999,Fornos de Algodres,FORNOS DE ALGODRES,33.8,0.3,1.4
1999,Alcanena,ALCANENA,34.3,1.5,1
1999,Golegã,GOLEGÃƒ,37.5,0.9,0.8
1999,Armamar,ARMAMAR,39.1,0.3,1.9
1999,Viseu,VISEU,37.8,1,1
1999,Albergaria-a-Velha,ALBERGARIA-A-VELHA,38.6,0.9,0.8
1999,Cantanhede,CANTANHEDE,38.6,1,1
1999,Rio Maior,RIO MAIOR,37.1,1.1,1.2
1999,Alcobaça,ALCOBAÃ‡A,35.1,1.3,1
1999,Portimão,PORTIMÃƒO,39.6,1.5,1
1999,Lourinhã,LOURINHÃƒ,39.1,1.2,1.1
1999,Portel,PORTEL,41.3,0.7,0.9
1999,Vila Nova de Cerveira,VILA NOVA DE CERVEIRA,34.1,1,1
1999,Faro,FARO,41.9,1.5,1.1
1999,Vila Franca de Xira,VILA FRANCA DE XIRA,36.9,1.2,0.7
1999,Montalegre,MONTALEGRE,45.9,0.7,1.3
1999,Vale de Cambra,VALE DE CAMBRA,32.7,1.1,1.1
1999,Ílhavo,Ã\u008dLHAVO,44.1,1.3,0.7
1999,Mondim de Basto,MONDIM DE BASTO,47.8,0.2,1
1999,Alcoutim,ALCOUTIM,39.3,0.4,1.6
1999,Celorico de Basto,CELORICO DE BASTO,38.9,0.5,1.1
1999,Caminha,CAMINHA,35.1,1.2,1
1999,Oliveira do Hospital,OLIVEIRA DO HOSPITAL,36.6,0.7,1.2
1999,Salvaterra de Magos,SALVATERRA DE MAGOS,49.6,1,1
1999,Palmela,PALMELA,41.5,1.2,1.1
1999,Castro Daire,CASTRO DAIRE,43.7,0.5,1.3
1999,São Pedro do Sul,SÃƒO PEDRO DO SUL,40.9,1.1,1.1
1999,Seia,SEIA,40.3,1.1,1.3
1999,Paredes,PAREDES,35.8,0.7,0.9
1999,Estarreja,ESTARREJA,40.1,0.8,0.8
1999,Guimarães,GUIMARÃƒES,32.4,0.8,0.7
1999,Sabrosa,SABROSA,40.6,0.6,1.3
1999,Cinfães,CINFÃƒES,51.4,0.3,1.5
1999,Gavião,GAVIÃƒO,34.8,0.8,1.4
1999,Arganil,ARGANIL,34.5,1.2,1.2
1999,Odivelas,ODIVELAS,35.8,1.4,0.8
1999,Sintra,SINTRA,38.9,1.4,0.8
1999,Ferreira do Alentejo,FERREIRA DO ALENTEJO,39.7,0.6,0.7
1999,Porto,PORTO,37.3,1.2,0.6
1999,Amares,AMARES,41.1,0.6,1
1999,Arcos de Valdevez,ARCOS DE VALDEVEZ,48.5,0.6,1.3
1999,Tavira,TAVIRA,41.4,1.4,1.6
1999,Lagoa,LAGOA,40.5,1.1,1
1999,Loulé,LOULÃ‰,44.3,1.5,1.2
1999,Odemira,ODEMIRA,40.7,1,1.4
1999,Braga,BRAGA,29.9,0.9,0.8
1999,Aljezur,ALJEZUR,41.9,1.4,1.8
1999,Marco de Canaveses,MARCO DE CANAVESES,46.3,0.6,0.9
1999,Góis,GÃ“IS,35.4,1.6,1.7
1999,Sernancelhe,SERNANCELHE,43,0.6,1.1
1999,Ourém,OURÃ‰M,35.7,0.9,1
1999,Penamacor,PENAMACOR,42.7,0.7,2.5
1999,Sines,SINES,44.2,1.3,0.7
1999,Torres Novas,TORRES NOVAS,35.8,1.4,1.2
1999,Amarante,AMARANTE,38.7,0.5,1
1999,Penacova,PENACOVA,39.2,0.7,1.2
1999,Póvoa de Varzim,PÃ“VOA DE VARZIM,38.3,0.7,0.8
1999,Santiago do Cacém,SANTIAGO DO CACÃ‰M,39.4,1.3,0.7
1999,Águeda,Ã\u0081GUEDA,38.2,0.8,0.7
1999,Arronches,ARRONCHES,37.1,1.1,0.4
1999,Figueira da Foz,FIGUEIRA DA FOZ,41.2,1.2,1.1
1999,Mação,MAÃ‡ÃƒO,28.1,0.9,1.4
1999,Mértola,MÃ‰RTOLA,42,1.1,1.3
1999,Vila Nova de Famalicão,VILA NOVA DE FAMALICÃƒO,31.9,0.7,0.7
1999,Vila Nova da Barquinha,VILA NOVA DA BARQUINHA,37.3,1.5,1.1
1999,Arouca,AROUCA,37.2,0.6,0.8
1999,Sabugal,SABUGAL,43.2,0.6,2.1
1999,Alvaiázere,ALVAIÃ\u0081ZERE,35.8,0.4,0.8
1999,Óbidos,Ã“BIDOS,42.9,0.9,1
1999,Marvão,MARVÃƒO,37.7,1.1,1.2
1999,Aveiro,AVEIRO,37.2,1.3,0.7
1999,Portalegre,PORTALEGRE,35.2,1.1,0.8
1999,Tabuaço,TABUAÃ‡O,41.4,0.6,1.4
1999,Serpa,SERPA,44.2,1,0.9
1999,Penela,PENELA,38.4,1.3,1.4
1999,Valpaços,VALPAÃ‡OS,47.8,0.4,1.3
1999,Paços de Ferreira,PAÃ‡OS DE FERREIRA,33,0.6,0.6
1999,Vila Nova de Gaia,VILA NOVA DE GAIA,34.2,1.1,0.7
1999,Alter do Chão,ALTER DO CHÃƒO,36.1,0.9,1.1
1999,Condeixa-a-Nova,CONDEIXA-A-NOVA,36.9,1.1,1.2
1999,Belmonte,BELMONTE,38,1,1.6
1999,Aguiar da Beira,AGUIAR DA BEIRA,42,0.4,2.1
1999,Vila Pouca de Aguiar,VILA POUCA DE AGUIAR,49.8,0.5,1.5
1999,Pombal,POMBAL,44.6,0.8,1
1999,Tondela,TONDELA,38.1,1.2,1.1
1999,Mangualde,MANGUALDE,42.9,0.9,1.1
1999,Macedo de Cavaleiros,MACEDO DE CAVALEIROS,45.9,1.1,1.5
1999,Moita,MOITA,42.2,1.2,0.9
1999,Torres Vedras,TORRES VEDRAS,40.2,1.1,0.9
1999,Ribeira de Pena,RIBEIRA DE PENA,44.9,0.2,0.7
1999,Viana do Castelo,VIANA DO CASTELO,35.1,1,0.8
1999,Pampilhosa da Serra,PAMPILHOSA DA SERRA,38.4,0.8,1.1
1999,Vila Nova de Poiares,VILA NOVA DE POIARES,40.6,1.8,1.4
1999,Monforte,MONFORTE,36.5,0.7,1
1999,Vagos,VAGOS,39.9,0.6,1
1999,Castro Marim,CASTRO MARIM,41.2,1.5,1.5
1999,Mortágua,MORTÃ\u0081GUA,44.5,1.5,1.1
1999,Porto de Mós,PORTO DE MÃ“S,33.1,1.2,1
1999,Monção,MONÃ‡ÃƒO,48.5,0.7,0.9
1999,Barreiro,BARREIRO,37.4,1.2,0.9
1999,Barrancos,BARRANCOS,35.8,2.4,1.1
1999,Sobral de Monte Agraço,SOBRAL DE MONTE AGRAÃ‡O,40.3,1.2,1.1
1999,Vila Verde,VILA VERDE,36,0.6,1.1
1999,Matosinhos,MATOSINHOS,34.2,1.2,0.7
1999,Montijo,MONTIJO,44.3,1.2,0.9
1999,Nelas,NELAS,41.7,1.4,1.4
1999,São João da Pesqueira,SÃƒO JOÃƒO DA PESQUEIRA,51.3,0.5,1.4
1999,Vila do Conde,VILA DO CONDE,32.6,0.8,0.6
1999,Batalha,BATALHA,30.4,1.5,1.3
1999,Elvas,ELVAS,42.2,0.7,1
1999,Leiria,LEIRIA,34.7,1.4,0.9
1999,Vila Nova de Paiva,VILA NOVA DE PAIVA,44.1,0.7,1.8
1999,Maia,MAIA,31.4,1.2,0.9
1999,Grândola,GRÃ‚NDOLA,34.9,0.8,0.8
1999,Arruda dos Vinhos,ARRUDA DOS VINHOS,39.8,1.2,0.9
1999,Albufeira,ALBUFEIRA,45.6,1.4,1.2
1999,Sever do Vouga,SEVER DO VOUGA,33.8,0.9,0.9
1999,Idanha-a-Nova,IDANHA-A-NOVA,38.1,0.7,1.7
1999,Estremoz,ESTREMOZ,38.4,1.1,0.9
1999,Vila Velha de Ródão,VILA VELHA DE RÃ“DÃƒO,27,0.7,0.9
1999,Fundão,FUNDÃƒO,38.4,0.7,1.5
1999,Anadia,ANADIA,38.1,1.3,0.9
1999,Santa Maria da Feira,SANTA MARIA DA FEIRA,33.9,0.8,0.7
1999,Baião,BAIÃƒO,42.3,0.4,1.6
1999,Almeida,ALMEIDA,41.6,0.8,1.2
1999,Monchique,MONCHIQUE,32.8,1.3,1.4
1999,Caldas da Rainha,CALDAS DA RAINHA,40.3,1.2,0.8
1999,Santarém,SANTARÃ‰M,35.7,1.4,0.9
1999,Vouzela,VOUZELA,40.2,0.9,0.9
1999,Carrazeda de Ansiães,CARRAZEDA DE ANSIÃƒES,42,0.7,1.4
1999,Gouveia,GOUVEIA,40.2,1,1.6
1999,Moimenta da Beira,MOIMENTA DA BEIRA,45.6,0.7,1.3
1999,Torre de Moncorvo,TORRE DE MONCORVO,42.8,0.9,1.8
1999,Olhão,OLHÃƒO,47.1,1.4,0.9
1999,Pedrógão Grande,PEDRÃ“GÃƒO GRANDE,34.1,0.8,1.5
1999,Oliveira de Azeméis,OLIVEIRA DE AZEMÃ‰IS,33.4,0.8,0.8
1999,Resende,RESENDE,40.9,0.5,1.4
1999,Alpiarça,ALPIARÃ‡A,33.3,0.7,0.4
1999,Mogadouro,MOGADOURO,43,0.6,1.1
1999,Setúbal,SETÃšBAL,39.9,1.1,0.7
1999,Castro Verde,CASTRO VERDE,41.8,1,0.7
1999,Lousã,LOUSÃƒ,33.6,1.4,1.2
1999,Santa Comba Dão,SANTA COMBA DÃƒO,38.6,1.2,1.6
1999,Avis,AVIS,28.1,1.5,0.8
1999,Entroncamento,ENTRONCAMENTO,33.3,1.6,1.1
1999,Vila Viçosa,VILA VIÃ‡OSA,38.4,0.8,0.9
1999,Vila de Rei,VILA DE REI,29,1.4,1.7
1999,Figueiró dos Vinhos,FIGUEIRÃ“ DOS VINHOS,34.6,1.1,1.5
1999,Fronteira,FRONTEIRA,29.9,1.3,1.5
1999,Trofa,TROFA,30.9,0.7,0.8
1999,Penedono,PENEDONO,45.2,0.5,1.3
1999,Alijó,ALIJÃ“,44,0.9,1.6
1999,Mesão Frio,MESÃƒO FRIO,41.3,0.7,0.9
1999,Castanheira de Pêra,CASTANHEIRA DE PÃŠRA,48.5,1.9,1.9
1999,Chamusca,CHAMUSCA,42,0.8,0.8
1999,Valença,VALENÃ‡A,42,0.8,0.9
1999,Alenquer,ALENQUER,37.1,1.1,0.9
1999,São João da Madeira,SÃƒO JOÃƒO DA MADEIRA,34.7,1.1,0.5
1999,Bragança,BRAGANÃ‡A,46.9,1,1.1
1999,Vila do Bispo,VILA DO BISPO,40.4,1,1.1
1995,Vila Real de Santo António,VILA REAL DE SANTO ANTÃ“NIO,32.8,0.6,1
1995,Nazaré,NAZARÃ‰,35.3,0.9,1.2
1995,Oliveira do Bairro,OLIVEIRA DO BAIRRO,31.9,0.6,1.1
1995,Cuba,CUBA,31.7,0.6,1.3
1995,Santa Marta de Penaguião,SANTA MARTA DE PENAGUIÃƒO,36,0.4,1.1
1995,Tarouca,TAROUCA,46.2,0.6,2
1995,Montemor-o-Velho,MONTEMOR-O-VELHO,37.5,0.8,1.5
1995,Alvito,ALVITO,27.9,0.5,1.9
1995,Proença-a-Nova,PROENÃ‡A-A-NOVA,30.8,0.6,1.6
1995,Constância,CONSTÃ‚NCIA,26.7,0.7,0.9
1995,Alcácer do Sal,ALCÃ\u0081CER DO SAL,31.3,0.7,1.4
1995,Reguengos de Monsaraz,REGUENGOS DE MONSARAZ,34,0.7,1.1
1995,Celorico da Beira,CELORICO DA BEIRA,39.5,0.5,1.9
1995,Murtosa,MURTOSA,42.3,0.7,1.2
1995,Miranda do Corvo,MIRANDA DO CORVO,33,0.8,1.7
1995,Penalva do Castelo,PENALVA DO CASTELO,40.9,0.5,1.9
1995,Ovar,OVAR,31.6,0.8,0.8
1995,Azambuja,AZAMBUJA,31.3,0.7,1.5
1995,Lamego,LAMEGO,37,0.6,1.6
1995,Coimbra,COIMBRA,30.6,1,1.1
1995,Loures,LOURES,29.3,1,0.9
1995,São Brás de Alportel,SÃƒO BRÃ\u0081S DE ALPORTEL,34.4,1.2,1.5
1995,Póvoa de Lanhoso,PÃ“VOA DE LANHOSO,31.9,0.4,1.5
1995,Abrantes,ABRANTES,33.6,0.9,1.4
1995,Terras de Bouro,TERRAS DE BOURO,34,0.4,1.1
1995,Esposende,ESPOSENDE,28.4,0.7,1.2
1995,Vinhais,VINHAIS,46.3,0.5,1.6
1995,Vimioso,VIMIOSO,45.1,0.9,2.8
1995,Almada,ALMADA,31.5,0.9,0.9
1995,Alfândega da Fé,ALFÃ‚NDEGA DA FÃ‰,33.2,0.6,1.3
1995,Cadaval,CADAVAL,32.9,0.7,1.2
1995,Castelo de Vide,CASTELO DE VIDE,27.1,1.1,1.5
1995,Lousada,LOUSADA,28.8,0.3,1.2
1995,Crato,CRATO,28.5,1.2,1.4
1995,Bombarral,BOMBARRAL,38.7,0.5,1.2
1995,Sousel,SOUSEL,24.9,0.8,1.2
1995,Oliveira de Frades,OLIVEIRA DE FRADES,30.1,0.9,1.3
1995,Viana do Alentejo,VIANA DO ALENTEJO,36.4,0.8,1.6
1995,Campo Maior,CAMPO MAIOR,30.3,0.7,1
1995,Silves,SILVES,35.6,1,1.5
1995,Valongo,VALONGO,26.5,0.7,1
1995,Sertã,SERTÃƒ,37.8,0.6,2
1995,Barcelos,BARCELOS,27.3,0.6,1.1
1995,Borba,BORBA,27.2,0.6,1.3
1995,Beja,BEJA,31.4,0.6,0.9
1995,Lagos,LAGOS,31.6,1.3,1
1995,Vila Real,VILA REAL,31.7,0.6,1.1
1995,Gondomar,GONDOMAR,27.1,0.8,0.9
1995,Almodôvar,ALMODÃ”VAR,40.7,0.7,1.8
1995,Benavente,BENAVENTE,36.7,0.8,1.1
1995,Sátão,SÃ\u0081TÃƒO,41,0.5,1.6
1995,Peso da Régua,PESO DA RÃ‰GUA,38.2,0.5,1.5
1995,Sesimbra,SESIMBRA,31.2,1,1.1
1995,Felgueiras,FELGUEIRAS,27.9,0.3,1.2
1995,Mafra,MAFRA,33.5,1.2,1.3
1995,Tomar,TOMAR,33.7,1.2,1.4
1995,Alcochete,ALCOCHETE,32.4,0.7,0.7
1995,Mirandela,MIRANDELA,40.6,0.7,1.4
1995,Ferreira do Zêzere,FERREIRA DO ZÃŠZERE,35.9,0.9,2
1995,Fafe,FAFE,31.4,0.5,1.4
1995,Figueira de Castelo Rodrigo,FIGUEIRA DE CASTELO RODRIGO,34.4,0.6,1.7
1995,Melgaço,MELGAÃ‡O,47.7,0.5,1.7
1995,Castelo de Paiva,CASTELO DE PAIVA,30.8,0.7,0.9
1995,Penafiel,PENAFIEL,27.7,0.5,1.2
1995,Mourão,MOURÃƒO,35.5,1.4,1.6
1995,Vila Flor,VILA FLOR,35.4,0.8,1.4
1995,Tábua,TÃ\u0081BUA,33.1,0.8,1.8
1995,Seixal,SEIXAL,31.3,0.9,0.8
1995,Coruche,CORUCHE,36.4,0.7,0.9
1995,Cascais,CASCAIS,33.5,1,0.8
1995,Sardoal,SARDOAL,25.6,0.7,1.1
1995,Ourique,OURIQUE,33.4,0.7,1.1
1995,Murça,MURÃ‡A,41.2,0.6,1.7
1995,Montemor-o-Novo,MONTEMOR-O-NOVO,26.8,0.7,0.7
1995,Peniche,PENICHE,37.9,0.8,1.1
1995,Nisa,NISA,28.8,0.7,1.4
1995,Miranda do Douro,MIRANDA DO DOURO,39,1.1,1.9
1995,Vendas Novas,VENDAS NOVAS,29.1,0.9,0.8
1995,Redondo,REDONDO,35.9,0.8,0.9
1995,Freixo de Espada à Cinta,FREIXO DE ESPADA Ã€ CINTA,35.7,1.3,1.3
1995,Mora,MORA,30.9,0.7,1
1995,Boticas,BOTICAS,41.9,0.3,2.1
1995,Mira,MIRA,35.6,0.7,1.1
1995,Oeiras,OEIRAS,29.5,1,0.7
1995,Vizela,VIZELA,,,
1995,Aljustrel,ALJUSTREL,30.5,0.6,0.7
1995,Guarda,GUARDA,30.7,0.7,1.7
1995,Paredes de Coura,PAREDES DE COURA,43.5,0.7,1.5
1995,Castelo Branco,CASTELO BRANCO,30.8,0.7,1.2
1995,Soure,SOURE,36.1,1,2.1
1995,Chaves,CHAVES,39.5,0.9,1.6
1995,Ponte da Barca,PONTE DA BARCA,36.8,0.3,1.1
1995,Alandroal,ALANDROAL,30.3,0.4,0.9
1995,Vidigueira,VIDIGUEIRA,34.5,0.6,1.4
1995,Mealhada,MEALHADA,34.9,0.8,1.1
1995,Vieira do Minho,VIEIRA DO MINHO,37.2,0.4,1.7
1995,Mêda,MÃŠDA,41.5,1,1.9
1995,Santo Tirso,SANTO TIRSO,27.7,0.5,1
1995,Vila Nova de Foz Côa,VILA NOVA DE FOZ CÃ”A,36.9,0.6,1.8
1995,Ponte de Lima,PONTE DE LIMA,30.8,0.6,1.2
1995,Évora,Ã‰VORA,31,0.8,0.8
1995,Cabeceiras de Basto,CABECEIRAS DE BASTO,35.7,0.4,1.5
1995,Cartaxo,CARTAXO,30.1,1,1.2
1995,Marinha Grande,MARINHA GRANDE,33.3,1.3,1
1995,Moura,MOURA,46.8,0.6,1.3
1995,Oleiros,OLEIROS,36.2,0.8,1.8
1995,Carregal do Sal,CARREGAL DO SAL,40.3,0.9,1.6
1995,Ansião,ANSIÃƒO,31.9,0.8,1
1995,Trancoso,TRANCOSO,37.7,0.7,2.1
1995,Lisboa,LISBOA,36,0.9,0.9
1995,Pinhel,PINHEL,40.7,0.8,1.6
1995,Arraiolos,ARRAIOLOS,27,0.9,0.8
1995,Espinho,ESPINHO,25.1,0.8,0.7
1995,Covilhã,COVILHÃƒ,31.9,0.5,1.3
1995,Ponte de Sor,PONTE DE SOR,33.1,0.7,1.1
1995,Almeirim,ALMEIRIM,31.1,0.6,0.9
1995,Amadora,AMADORA,32.3,0.8,0.9
1995,Manteigas,MANTEIGAS,31.4,1,1.7
1995,Fornos de Algodres,FORNOS DE ALGODRES,29.7,0.6,1.4
1995,Alcanena,ALCANENA,27.7,0.9,1.3
1995,Golegã,GOLEGÃƒ,29.1,0.8,1.2
1995,Armamar,ARMAMAR,40.8,0.5,1.8
1995,Viseu,VISEU,34.8,0.8,1.1
1995,Albergaria-a-Velha,ALBERGARIA-A-VELHA,33.8,0.8,0.9
1995,Cantanhede,CANTANHEDE,37.7,0.9,1.4
1995,Rio Maior,RIO MAIOR,31.9,0.9,1.2
1995,Alcobaça,ALCOBAÃ‡A,32.1,1.2,1.2
1995,Portimão,PORTIMÃƒO,34.4,0.9,1.1
1995,Lourinhã,LOURINHÃƒ,33.9,1,1.4
1995,Portel,PORTEL,32.6,0.6,1
1995,Vila Nova de Cerveira,VILA NOVA DE CERVEIRA,29.3,0.6,1
1995,Faro,FARO,35.7,1,0.9
1995,Vila Franca de Xira,VILA FRANCA DE XIRA,30.2,0.9,0.8
1995,Montalegre,MONTALEGRE,43.5,0.5,1.7
1995,Vale de Cambra,VALE DE CAMBRA,30.2,0.8,1.2
1995,Ílhavo,Ã\u008dLHAVO,38.4,0.9,0.9
1995,Mondim de Basto,MONDIM DE BASTO,42.5,0.3,1.2
1995,Alcoutim,ALCOUTIM,35.2,0.6,1.7
1995,Celorico de Basto,CELORICO DE BASTO,36.7,0.5,1.6
1995,Caminha,CAMINHA,28.3,0.7,1.3
1995,Oliveira do Hospital,OLIVEIRA DO HOSPITAL,31.5,0.7,1.7
1995,Salvaterra de Magos,SALVATERRA DE MAGOS,40.2,0.8,1
1995,Palmela,PALMELA,34.2,0.8,1
1995,Castro Daire,CASTRO DAIRE,40.3,0.7,1.7
1995,São Pedro do Sul,SÃƒO PEDRO DO SUL,37.6,0.8,1.7
1995,Seia,SEIA,33.5,0.7,1.5
1995,Paredes,PAREDES,27.1,0.6,1.1
1995,Estarreja,ESTARREJA,33.6,0.6,1.2
1995,Guimarães,GUIMARÃƒES,27.1,0.5,1.2
1995,Sabrosa,SABROSA,37.8,0.6,1.6
1995,Cinfães,CINFÃƒES,45,0.3,1.7
1995,Gavião,GAVIÃƒO,30.5,0.8,1.5
1995,Arganil,ARGANIL,29.8,0.8,1.8
1995,Odivelas,ODIVELAS,,,
1995,Sintra,SINTRA,31.7,1,0.9
1995,Ferreira do Alentejo,FERREIRA DO ALENTEJO,31.7,0.6,1.1
1995,Porto,PORTO,31.2,0.7,0.7
1995,Amares,AMARES,35.1,0.5,1.5
1995,Arcos de Valdevez,ARCOS DE VALDEVEZ,47.3,0.5,1.7
1995,Tavira,TAVIRA,37.1,1.2,1.7
1995,Lagoa,LAGOA,32.5,0.7,1.2
1995,Loulé,LOULÃ‰,37.1,1.1,1.3
1995,Odemira,ODEMIRA,36.4,0.7,1.5
1995,Braga,BRAGA,26.5,0.7,1.2
1995,Aljezur,ALJEZUR,36.9,0.7,2
1995,Marco de Canaveses,MARCO DE CANAVESES,36.1,0.6,1.3
1995,Góis,GÃ“IS,34.5,0.8,1.7
1995,Sernancelhe,SERNANCELHE,38.6,0.4,2
1995,Ourém,OURÃ‰M,32.9,0.8,1.2
1995,Penamacor,PENAMACOR,36.9,0.6,2.6
1995,Sines,SINES,35.2,1,1
1995,Torres Novas,TORRES NOVAS,29.3,1.1,1.2
1995,Amarante,AMARANTE,34.9,0.5,1.3
1995,Penacova,PENACOVA,35.1,0.8,1.7
1995,Póvoa de Varzim,PÃ“VOA DE VARZIM,32.1,0.5,0.8
1995,Santiago do Cacém,SANTIAGO DO CACÃ‰M,32.6,1,1.1
1995,Águeda,Ã\u0081GUEDA,34,0.7,1
1995,Arronches,ARRONCHES,31.5,0.7,1
1995,Figueira da Foz,FIGUEIRA DA FOZ,36.2,1,1.4
1995,Mação,MAÃ‡ÃƒO,27.7,0.9,1.8
1995,Mértola,MÃ‰RTOLA,37.3,0.6,1.9
1995,Vila Nova de Famalicão,VILA NOVA DE FAMALICÃƒO,26.6,0.5,0.9
1995,Vila Nova da Barquinha,VILA NOVA DA BARQUINHA,31,1,1
1995,Arouca,AROUCA,35.1,0.5,1.2
1995,Sabugal,SABUGAL,39,0.8,2.2
1995,Alvaiázere,ALVAIÃ\u0081ZERE,34.1,0.5,1.6
1995,Óbidos,Ã“BIDOS,38.4,1.2,1.5
1995,Marvão,MARVÃƒO,32.8,1.5,1.6
1995,Aveiro,AVEIRO,32.8,0.9,0.9
1995,Portalegre,PORTALEGRE,27.7,1.2,0.8
1995,Tabuaço,TABUAÃ‡O,36.9,0.6,1.8
1995,Serpa,SERPA,39.3,0.6,0.8
1995,Penela,PENELA,35.6,1.2,2.3
1995,Valpaços,VALPAÃ‡OS,49.1,0.5,1.6
1995,Paços de Ferreira,PAÃ‡OS DE FERREIRA,27.4,0.5,0.7
1995,Vila Nova de Gaia,VILA NOVA DE GAIA,27.8,0.7,0.8
1995,Alter do Chão,ALTER DO CHÃƒO,27.4,0.7,1.2
1995,Condeixa-a-Nova,CONDEIXA-A-NOVA,30.2,0.8,1.6
1995,Belmonte,BELMONTE,32.9,0.6,1.5
1995,Aguiar da Beira,AGUIAR DA BEIRA,40.8,0.4,2.9
1995,Vila Pouca de Aguiar,VILA POUCA DE AGUIAR,47.5,0.4,1.9
1995,Pombal,POMBAL,43.6,0.8,1.5
1995,Tondela,TONDELA,36.1,1.1,1.2
1995,Mangualde,MANGUALDE,37.8,0.9,1.4
1995,Macedo de Cavaleiros,MACEDO DE CAVALEIROS,43.1,0.7,1.8
1995,Moita,MOITA,34.4,0.7,0.9
1995,Torres Vedras,TORRES VEDRAS,33.7,0.9,1.1
1995,Ribeira de Pena,RIBEIRA DE PENA,44.3,0.3,1.5
1995,Viana do Castelo,VIANA DO CASTELO,30.8,0.8,1
1995,Pampilhosa da Serra,PAMPILHOSA DA SERRA,39,0.5,1.4
1995,Vila Nova de Poiares,VILA NOVA DE POIARES,35.2,1.8,1.8
1995,Monforte,MONFORTE,31.7,0.5,1.9
1995,Vagos,VAGOS,36.5,0.6,1.1
1995,Castro Marim,CASTRO MARIM,32.5,0.9,1.4
1995,Mortágua,MORTÃ\u0081GUA,44.5,1.3,1.4
1995,Porto de Mós,PORTO DE MÃ“S,30.8,1.3,1.3
1995,Monção,MONÃ‡ÃƒO,42.7,0.5,1.4
1995,Barreiro,BARREIRO,30.7,0.7,0.8
1995,Barrancos,BARRANCOS,33.2,1.7,1.6
1995,Sobral de Monte Agraço,SOBRAL DE MONTE AGRAÃ‡O,35.6,0.8,1.3
1995,Vila Verde,VILA VERDE,34.7,0.4,1.8
1995,Matosinhos,MATOSINHOS,26.1,0.7,0.8
1995,Montijo,MONTIJO,38.7,0.8,1
1995,Nelas,NELAS,37.5,0.8,1.5
1995,São João da Pesqueira,SÃƒO JOÃƒO DA PESQUEIRA,45,0.4,1.6
1995,Vila do Conde,VILA DO CONDE,26.5,0.6,0.8
1995,Batalha,BATALHA,27.7,1,1.2
1995,Elvas,ELVAS,32.6,0.7,1
1995,Leiria,LEIRIA,30.7,1.1,1.2
1995,Vila Nova de Paiva,VILA NOVA DE PAIVA,42.2,0.7,1.9
1995,Maia,MAIA,25.5,0.8,0.9
1995,Grândola,GRÃ‚NDOLA,29.1,0.6,0.8
1995,Arruda dos Vinhos,ARRUDA DOS VINHOS,33.9,0.8,1.3
1995,Albufeira,ALBUFEIRA,40.4,1,1.4
1995,Sever do Vouga,SEVER DO VOUGA,31.4,0.8,1.3
1995,Idanha-a-Nova,IDANHA-A-NOVA,35.8,0.6,2.2
1995,Estremoz,ESTREMOZ,30.8,0.8,1
1995,Vila Velha de Ródão,VILA VELHA DE RÃ“DÃƒO,28.8,0.4,1.5
1995,Fundão,FUNDÃƒO,32.7,0.6,1.7
1995,Anadia,ANADIA,33.1,1.1,1.2
1995,Santa Maria da Feira,SANTA MARIA DA FEIRA,27.6,0.6,0.9
1995,Baião,BAIÃƒO,38,0.2,2.5
1995,Almeida,ALMEIDA,35,0.8,1.5
1995,Monchique,MONCHIQUE,30.2,1.2,1.6
1995,Caldas da Rainha,CALDAS DA RAINHA,37.2,0.9,1
1995,Santarém,SANTARÃ‰M,29.2,1,1
1995,Vouzela,VOUZELA,36.2,0.8,1.3
1995,Carrazeda de Ansiães,CARRAZEDA DE ANSIÃƒES,39.5,0.5,1.4
1995,Gouveia,GOUVEIA,36.3,0.8,1.6
1995,Moimenta da Beira,MOIMENTA DA BEIRA,43.1,0.5,1.6
1995,Torre de Moncorvo,TORRE DE MONCORVO,37.8,0.6,1.4
1995,Olhão,OLHÃƒO,39.8,0.9,1
1995,Pedrógão Grande,PEDRÃ“GÃƒO GRANDE,34.8,0.7,1.7
1995,Oliveira de Azeméis,OLIVEIRA DE AZEMÃ‰IS,28.6,0.6,0.9
1995,Resende,RESENDE,41.8,0.6,2.4
1995,Alpiarça,ALPIARÃ‡A,29.6,0.6,1
1995,Mogadouro,MOGADOURO,39.6,0.8,1.6
1995,Setúbal,SETÃšBAL,32,0.8,0.8
1995,Castro Verde,CASTRO VERDE,37.2,0.7,0.8
1995,Lousã,LOUSÃƒ,30.8,1.5,1.6
1995,Santa Comba Dão,SANTA COMBA DÃƒO,36.8,1.2,1.8
1995,Avis,AVIS,21,0.9,0.8
1995,Entroncamento,ENTRONCAMENTO,26.9,1.1,0.8
1995,Vila Viçosa,VILA VIÃ‡OSA,28.9,1.1,0.7
1995,Vila de Rei,VILA DE REI,29.7,1.3,1.8
1995,Figueiró dos Vinhos,FIGUEIRÃ“ DOS VINHOS,28.6,0.8,2.1
1995,Fronteira,FRONTEIRA,24.1,0.6,1.9
1995,Trofa,TROFA,,,
1995,Penedono,PENEDONO,44.8,0.8,3
1995,Alijó,ALIJÃ“,38.1,0.5,1.8
1995,Mesão Frio,MESÃƒO FRIO,36.2,0.7,1.4
1995,Castanheira de Pêra,CASTANHEIRA DE PÃŠRA,31.3,0.9,1.5
1995,Chamusca,CHAMUSCA,34.7,0.8,1.1
1995,Valença,VALENÃ‡A,36,0.7,1.3
1995,Alenquer,ALENQUER,30,0.8,1.2
1995,São João da Madeira,SÃƒO JOÃƒO DA MADEIRA,26.9,0.7,0.6
1995,Bragança,BRAGANÃ‡A,40.1,0.6,1.3
1995,Vila do Bispo,VILA DO BISPO,33.7,1.7,1.2
1991,Vila Real de Santo António,VILA REAL DE SANTO ANTÃ“NIO,33.8,0.8,1
1991,Nazaré,NAZARÃ‰,34.9,0.9,1.5
1991,Oliveira do Bairro,OLIVEIRA DO BAIRRO,28.7,0.3,0.9
1991,Cuba,CUBA,31.7,1.2,1.8
1991,Santa Marta de Penaguião,SANTA MARTA DE PENAGUIÃƒO,34,0.7,1.8
1991,Tarouca,TAROUCA,44.4,0.6,1.6
1991,Montemor-o-Velho,MONTEMOR-O-VELHO,40.8,1.1,1.8
1991,Alvito,ALVITO,29.8,1.1,2
1991,Proença-a-Nova,PROENÃ‡A-A-NOVA,26.7,0.7,0.7
1991,Constância,CONSTÃ‚NCIA,26.1,1.2,1.2
1991,Alcácer do Sal,ALCÃ\u0081CER DO SAL,33.1,1.2,1.2
1991,Reguengos de Monsaraz,REGUENGOS DE MONSARAZ,35.1,1.1,1.3
1991,Celorico da Beira,CELORICO DA BEIRA,39.1,0.6,1.7
1991,Murtosa,MURTOSA,38.8,0.5,1.4
1991,Miranda do Corvo,MIRANDA DO CORVO,33.9,0.7,1.3
1991,Penalva do Castelo,PENALVA DO CASTELO,39.8,0.6,1.6
1991,Ovar,OVAR,32,0.7,0.8
1991,Azambuja,AZAMBUJA,32.6,1.4,1.5
1991,Lamego,LAMEGO,33.9,0.7,1.3
1991,Coimbra,COIMBRA,30.3,1.2,0.9
1991,Loures,LOURES,28.9,1.1,0.9
1991,São Brás de Alportel,SÃƒO BRÃ\u0081S DE ALPORTEL,31.7,0.8,1.1
1991,Póvoa de Lanhoso,PÃ“VOA DE LANHOSO,31.7,0.4,1.2
1991,Abrantes,ABRANTES,31.9,1,1.4
1991,Terras de Bouro,TERRAS DE BOURO,30.9,0.5,0.6
1991,Esposende,ESPOSENDE,28.7,0.9,0.9
1991,Vinhais,VINHAIS,45.3,0.6,1.7
1991,Vimioso,VIMIOSO,45.3,1,4
1991,Almada,ALMADA,31.4,1.1,1
1991,Alfândega da Fé,ALFÃ‚NDEGA DA FÃ‰,31.3,0.5,1.7
1991,Cadaval,CADAVAL,32.1,0.9,1.7
1991,Castelo de Vide,CASTELO DE VIDE,27.4,1.8,1.8
1991,Lousada,LOUSADA,28.7,0.4,1.3
1991,Crato,CRATO,25.3,1.1,1.3
1991,Bombarral,BOMBARRAL,37.1,1,2
1991,Sousel,SOUSEL,25.7,1.3,1.2
1991,Oliveira de Frades,OLIVEIRA DE FRADES,27.5,0.6,1.1
1991,Viana do Alentejo,VIANA DO ALENTEJO,31.7,1.2,1.9
1991,Campo Maior,CAMPO MAIOR,31.7,1.4,0.9
1991,Silves,SILVES,33.6,1.1,1.4
1991,Valongo,VALONGO,25.7,0.8,1
1991,Sertã,SERTÃƒ,36.4,0.8,1.8
1991,Barcelos,BARCELOS,26.1,0.6,0.8
1991,Borba,BORBA,28.9,1.3,0.8
1991,Beja,BEJA,31,0.9,1.4
1991,Lagos,LAGOS,29.7,1.2,1.2
1991,Vila Real,VILA REAL,31.8,0.9,1.2
1991,Gondomar,GONDOMAR,28.3,0.8,1.1
1991,Almodôvar,ALMODÃ”VAR,42,0.9,2.3
1991,Benavente,BENAVENTE,37.3,1.1,1.2
1991,Sátão,SÃ\u0081TÃƒO,40.9,0.5,1.5
1991,Peso da Régua,PESO DA RÃ‰GUA,37.8,0.6,1.5
1991,Sesimbra,SESIMBRA,30,1.2,1.1
1991,Felgueiras,FELGUEIRAS,26.2,0.4,1.5
1991,Mafra,MAFRA,32.3,1.1,1.3
1991,Tomar,TOMAR,31.3,1.2,1.3
1991,Alcochete,ALCOCHETE,29.8,0.7,1
1991,Mirandela,MIRANDELA,38.5,0.7,1.8
1991,Ferreira do Zêzere,FERREIRA DO ZÃŠZERE,33.4,0.7,1.8
1991,Fafe,FAFE,31.3,0.5,1.3
1991,Figueira de Castelo Rodrigo,FIGUEIRA DE CASTELO RODRIGO,32.9,0.5,1.6
1991,Melgaço,MELGAÃ‡O,48.7,0.5,1.9
1991,Castelo de Paiva,CASTELO DE PAIVA,27.4,0.5,1.3
1991,Penafiel,PENAFIEL,26.8,0.6,1.4
1991,Mourão,MOURÃƒO,37.1,1,0.9
1991,Vila Flor,VILA FLOR,36.8,0.5,1.7
1991,Tábua,TÃ\u0081BUA,30.9,0.7,1.3
1991,Seixal,SEIXAL,31.3,1.2,0.9
1991,Coruche,CORUCHE,36.2,0.9,0.9
1991,Cascais,CASCAIS,31.8,1,0.7
1991,Sardoal,SARDOAL,24.8,1.4,2.7
1991,Ourique,OURIQUE,39.1,0.7,1.6
1991,Murça,MURÃ‡A,40.4,0.6,2
1991,Montemor-o-Novo,MONTEMOR-O-NOVO,24.6,1,0.6
1991,Peniche,PENICHE,37.3,0.8,1.5
1991,Nisa,NISA,27.9,0.9,1.8
1991,Miranda do Douro,MIRANDA DO DOURO,43,1.3,2.4
1991,Vendas Novas,VENDAS NOVAS,28.1,1.4,0.8
1991,Redondo,REDONDO,36.5,0.9,1.3
1991,Freixo de Espada à Cinta,FREIXO DE ESPADA Ã€ CINTA,34.5,0.7,1.7
1991,Mora,MORA,27.7,1.1,0.8
1991,Boticas,BOTICAS,40,0.4,1.9
1991,Mira,MIRA,38.7,0.8,1
1991,Oeiras,OEIRAS,28.7,1,0.7
1991,Vizela,VIZELA,,,
1991,Aljustrel,ALJUSTREL,31.2,0.9,1.6
1991,Guarda,GUARDA,30.4,0.8,1.7
1991,Paredes de Coura,PAREDES DE COURA,45.6,0.5,1.8
1991,Castelo Branco,CASTELO BRANCO,29.7,1,1.3
1991,Soure,SOURE,36.7,1.3,1.6
1991,Chaves,CHAVES,39,0.8,1.6
1991,Ponte da Barca,PONTE DA BARCA,35.8,0.4,1.3
1991,Alandroal,ALANDROAL,29.4,0.6,0.6
1991,Vidigueira,VIDIGUEIRA,34.1,1,2.2
1991,Mealhada,MEALHADA,34.7,1,1.3
1991,Vieira do Minho,VIEIRA DO MINHO,35,0.4,1.7
1991,Mêda,MÃŠDA,38.7,0.9,1.8
1991,Santo Tirso,SANTO TIRSO,25.3,0.5,1.1
1991,Vila Nova de Foz Côa,VILA NOVA DE FOZ CÃ”A,36.3,0.8,1.7
1991,Ponte de Lima,PONTE DE LIMA,28.3,0.5,1
1991,Évora,Ã‰VORA,30.5,1.2,0.9
1991,Cabeceiras de Basto,CABECEIRAS DE BASTO,34,0.3,1.2
1991,Cartaxo,CARTAXO,30.1,1.5,1.5
1991,Marinha Grande,MARINHA GRANDE,34,1.6,1.6
1991,Moura,MOURA,45.5,1.2,2.4
1991,Oleiros,OLEIROS,33.2,0.7,0.7
1991,Carregal do Sal,CARREGAL DO SAL,35.6,0.6,1.5
1991,Ansião,ANSIÃƒO,29.7,0.7,1.4
1991,Trancoso,TRANCOSO,34.4,0.8,1.8
1991,Lisboa,LISBOA,33.5,0.8,0.9
1991,Pinhel,PINHEL,39.4,0.9,1.7
1991,Arraiolos,ARRAIOLOS,25.4,1.1,1
1991,Espinho,ESPINHO,24.3,0.6,0.8
1991,Covilhã,COVILHÃƒ,32.8,0.9,1.1
1991,Ponte de Sor,PONTE DE SOR,30.8,1.1,1.2
1991,Almeirim,ALMEIRIM,31,1,1.1
1991,Amadora,AMADORA,31.2,1,0.9
1991,Manteigas,MANTEIGAS,36.8,1.2,1.7
1991,Fornos de Algodres,FORNOS DE ALGODRES,28.7,0.7,1.7
1991,Alcanena,ALCANENA,27,1.2,1.3
1991,Golegã,GOLEGÃƒ,28.5,1.4,1.2
1991,Armamar,ARMAMAR,38.3,0.4,1.5
1991,Viseu,VISEU,33.7,0.8,1.1
1991,Albergaria-a-Velha,ALBERGARIA-A-VELHA,30,0.5,1.1
1991,Cantanhede,CANTANHEDE,38,0.7,1.1
1991,Rio Maior,RIO MAIOR,31.4,1.1,1.1
1991,Alcobaça,ALCOBAÃ‡A,30.5,1.2,1.3
1991,Portimão,PORTIMÃƒO,32.3,1,1.2
1991,Lourinhã,LOURINHÃƒ,33.5,0.7,1.2
1991,Portel,PORTEL,32.5,0.7,1.3
1991,Vila Nova de Cerveira,VILA NOVA DE CERVEIRA,28.6,0.8,1
1991,Faro,FARO,32.6,1.2,1.1
1991,Vila Franca de Xira,VILA FRANCA DE XIRA,29.7,1.1,0.9
1991,Montalegre,MONTALEGRE,42.1,0.5,1.5
1991,Vale de Cambra,VALE DE CAMBRA,29.7,0.9,1.1
1991,Ílhavo,Ã\u008dLHAVO,35.1,0.8,0.9
1991,Mondim de Basto,MONDIM DE BASTO,39.2,0.2,1.3
1991,Alcoutim,ALCOUTIM,35.4,0.5,1.6
1991,Celorico de Basto,CELORICO DE BASTO,36.6,0.5,1.2
1991,Caminha,CAMINHA,29.8,0.8,1.2
1991,Oliveira do Hospital,OLIVEIRA DO HOSPITAL,29.3,0.6,1.5
1991,Salvaterra de Magos,SALVATERRA DE MAGOS,39,1.5,1.1
1991,Palmela,PALMELA,35.7,1,1.1
1991,Castro Daire,CASTRO DAIRE,40.2,0.6,1.6
1991,São Pedro do Sul,SÃƒO PEDRO DO SUL,36.7,0.9,1.7
1991,Seia,SEIA,34.2,0.8,1.4
1991,Paredes,PAREDES,25.2,0.4,1.1
1991,Estarreja,ESTARREJA,30.8,0.8,1.3
1991,Guimarães,GUIMARÃƒES,25.8,0.5,1
1991,Sabrosa,SABROSA,34,0.5,1.7
1991,Cinfães,CINFÃƒES,39.4,0.4,1.6
1991,Gavião,GAVIÃƒO,31.4,0.9,1.7
1991,Arganil,ARGANIL,27,0.6,1.5
1991,Odivelas,ODIVELAS,,,
1991,Sintra,SINTRA,30.4,1,0.9
1991,Ferreira do Alentejo,FERREIRA DO ALENTEJO,32.2,0.9,1.8
1991,Porto,PORTO,29.6,0.7,0.8
1991,Amares,AMARES,34.3,0.4,1.1
1991,Arcos de Valdevez,ARCOS DE VALDEVEZ,46.2,0.5,1.8
1991,Tavira,TAVIRA,35.5,1,1.5
1991,Lagoa,LAGOA,29.6,1,1
1991,Loulé,LOULÃ‰,32.8,1,1.1
1991,Odemira,ODEMIRA,36.8,1.2,2.5
1991,Braga,BRAGA,25,0.7,0.9
1991,Aljezur,ALJEZUR,43.3,1.9,1.8
1991,Marco de Canaveses,MARCO DE CANAVESES,32,0.4,1.5
1991,Góis,GÃ“IS,34.4,0.8,1.9
1991,Sernancelhe,SERNANCELHE,39,0.5,1.6
1991,Ourém,OURÃ‰M,30.2,0.6,0.9
1991,Penamacor,PENAMACOR,35.9,0.7,2.7
1991,Sines,SINES,35.9,1.5,0.8
1991,Torres Novas,TORRES NOVAS,30.5,1.2,1.3
1991,Amarante,AMARANTE,33.7,0.5,1.8
1991,Penacova,PENACOVA,34.1,0.6,1.4
1991,Póvoa de Varzim,PÃ“VOA DE VARZIM,30.2,0.5,0.8
1991,Santiago do Cacém,SANTIAGO DO CACÃ‰M,32,1.2,1
1991,Águeda,Ã\u0081GUEDA,32.8,0.7,0.8
1991,Arronches,ARRONCHES,29.9,1.3,1.4
1991,Figueira da Foz,FIGUEIRA DA FOZ,36.2,1.2,1.4
1991,Mação,MAÃ‡ÃƒO,27.1,1.2,1.7
1991,Mértola,MÃ‰RTOLA,39.4,1.1,2.1
1991,Vila Nova de Famalicão,VILA NOVA DE FAMALICÃƒO,25,0.4,0.8
1991,Vila Nova da Barquinha,VILA NOVA DA BARQUINHA,28.3,1.4,1.2
1991,Arouca,AROUCA,31,0.5,1
1991,Sabugal,SABUGAL,36,0.8,2.3
1991,Alvaiázere,ALVAIÃ\u0081ZERE,29.6,0.3,1.4
1991,Óbidos,Ã“BIDOS,39.4,0.8,1.8
1991,Marvão,MARVÃƒO,29.7,1.5,1.2
1991,Aveiro,AVEIRO,29.4,0.9,0.9
1991,Portalegre,PORTALEGRE,25.3,0.9,0.7
1991,Tabuaço,TABUAÃ‡O,33.1,0.8,1.1
1991,Serpa,SERPA,40.5,0.9,1.3
1991,Penela,PENELA,36.2,1,1.3
1991,Valpaços,VALPAÃ‡OS,44.2,0.5,2.1
1991,Paços de Ferreira,PAÃ‡OS DE FERREIRA,26.2,0.3,0.8
1991,Vila Nova de Gaia,VILA NOVA DE GAIA,26.1,0.7,0.9
1991,Alter do Chão,ALTER DO CHÃƒO,25.4,1.2,1.5
1991,Condeixa-a-Nova,CONDEIXA-A-NOVA,31.8,0.9,1.2
1991,Belmonte,BELMONTE,35.2,0.8,1.1
1991,Aguiar da Beira,AGUIAR DA BEIRA,39.2,0.9,2.7
1991,Vila Pouca de Aguiar,VILA POUCA DE AGUIAR,47,0.4,2.4
1991,Pombal,POMBAL,41.7,0.7,2.1
1991,Tondela,TONDELA,34.5,0.9,1.1
1991,Mangualde,MANGUALDE,37.2,0.8,1.6
1991,Macedo de Cavaleiros,MACEDO DE CAVALEIROS,40.8,0.7,1.9
1991,Moita,MOITA,33.9,1.1,1
1991,Torres Vedras,TORRES VEDRAS,33.9,0.9,1.1
1991,Ribeira de Pena,RIBEIRA DE PENA,44.3,0.1,1.4
1991,Viana do Castelo,VIANA DO CASTELO,30.3,1,0.9
1991,Pampilhosa da Serra,PAMPILHOSA DA SERRA,37.7,0.6,1.5
1991,Vila Nova de Poiares,VILA NOVA DE POIARES,34.6,1.6,1.3
1991,Monforte,MONFORTE,33.6,0.9,1.5
1991,Vagos,VAGOS,31.7,0.3,0.9
1991,Castro Marim,CASTRO MARIM,34.2,0.6,1.5
1991,Mortágua,MORTÃ\u0081GUA,43.5,1.2,1.1
1991,Porto de Mós,PORTO DE MÃ“S,28.7,1.4,1.5
1991,Monção,MONÃ‡ÃƒO,42,0.5,1.4
1991,Barreiro,BARREIRO,31,1.2,0.9
1991,Barrancos,BARRANCOS,35.5,2.4,2.5
1991,Sobral de Monte Agraço,SOBRAL DE MONTE AGRAÃ‡O,34.4,1.1,1.3
1991,Vila Verde,VILA VERDE,33.3,0.5,1.3
1991,Matosinhos,MATOSINHOS,26.1,0.7,0.9
1991,Montijo,MONTIJO,36.3,1.1,0.9
1991,Nelas,NELAS,35.2,0.9,1.5
1991,São João da Pesqueira,SÃƒO JOÃƒO DA PESQUEIRA,42.8,0.8,1.7
1991,Vila do Conde,VILA DO CONDE,25.8,0.5,1
1991,Batalha,BATALHA,25.7,0.8,1.6
1991,Elvas,ELVAS,34,1,1.1
1991,Leiria,LEIRIA,28.6,1,1.5
1991,Vila Nova de Paiva,VILA NOVA DE PAIVA,39.6,1.5,1.9
1991,Maia,MAIA,26,0.7,1.1
1991,Grândola,GRÃ‚NDOLA,28.4,1.1,0.9
1991,Arruda dos Vinhos,ARRUDA DOS VINHOS,34.6,1.1,1.3
1991,Albufeira,ALBUFEIRA,39.4,0.8,1.1
1991,Sever do Vouga,SEVER DO VOUGA,26.8,0.5,1.1
1991,Idanha-a-Nova,IDANHA-A-NOVA,33.5,0.9,1.8
1991,Estremoz,ESTREMOZ,29.3,1.3,1.3
1991,Vila Velha de Ródão,VILA VELHA DE RÃ“DÃƒO,28.5,0.7,1.4
1991,Fundão,FUNDÃƒO,34.3,0.7,1.8
1991,Anadia,ANADIA,30.1,0.8,1
1991,Santa Maria da Feira,SANTA MARIA DA FEIRA,27,0.5,0.9
1991,Baião,BAIÃƒO,38.5,0.3,2.5
1991,Almeida,ALMEIDA,36.3,0.9,1.7
1991,Monchique,MONCHIQUE,28.4,1.1,1.5
1991,Caldas da Rainha,CALDAS DA RAINHA,35.1,1,1.5
1991,Santarém,SANTARÃ‰M,28.7,1.2,1.1
1991,Vouzela,VOUZELA,34.5,0.8,1.1
1991,Carrazeda de Ansiães,CARRAZEDA DE ANSIÃƒES,36.3,0.6,2.1
1991,Gouveia,GOUVEIA,37.2,0.9,1.6
1991,Moimenta da Beira,MOIMENTA DA BEIRA,42.4,0.3,1.3
1991,Torre de Moncorvo,TORRE DE MONCORVO,36.7,0.6,1.8
1991,Olhão,OLHÃƒO,37.7,1,1.1
1991,Pedrógão Grande,PEDRÃ“GÃƒO GRANDE,33.8,0.6,1.9
1991,Oliveira de Azeméis,OLIVEIRA DE AZEMÃ‰IS,27.6,0.6,0.8
1991,Resende,RESENDE,37.3,0.6,1.9
1991,Alpiarça,ALPIARÃ‡A,28.4,1.9,0.9
1991,Mogadouro,MOGADOURO,38.2,0.6,1.6
1991,Setúbal,SETÃšBAL,31,0.9,0.8
1991,Castro Verde,CASTRO VERDE,37.9,1.2,1.7
1991,Lousã,LOUSÃƒ,29.9,1.3,1.5
1991,Santa Comba Dão,SANTA COMBA DÃƒO,32,0.9,1.5
1991,Avis,AVIS,18.7,1.3,0.6
1991,Entroncamento,ENTRONCAMENTO,25.7,1.3,0.8
1991,Vila Viçosa,VILA VIÃ‡OSA,30.5,1.3,0.9
1991,Vila de Rei,VILA DE REI,26.7,0.9,1
1991,Figueiró dos Vinhos,FIGUEIRÃ“ DOS VINHOS,24.9,0.4,2.9
1991,Fronteira,FRONTEIRA,23,1.1,1
1991,Trofa,TROFA,,,
1991,Penedono,PENEDONO,43.1,0.9,2.4
1991,Alijó,ALIJÃ“,36.5,0.7,1.9
1991,Mesão Frio,MESÃƒO FRIO,34.4,0.7,1.5
1991,Castanheira de Pêra,CASTANHEIRA DE PÃŠRA,28.9,1,2.4
1991,Chamusca,CHAMUSCA,34.9,1.1,1.2
1991,Valença,VALENÃ‡A,33.8,0.7,1
1991,Alenquer,ALENQUER,29.8,0.9,1.1
1991,São João da Madeira,SÃƒO JOÃƒO DA MADEIRA,26.8,0.7,0.5
1991,Bragança,BRAGANÃ‡A,38.3,0.9,1.4
1991,Vila do Bispo,VILA DO BISPO,34.9,2,1.4
