Ano,NomeDistrito,CodNomeDistrito,Sigla,Votos,PVotos
1991,Aveiro,AVEIRO,PPD/PSD,217615,58.6
1991,Aveiro,AVEIRO,PS,103308,27.8
1991,Aveiro,AVEIRO,CDS,22624,6.1
1991,Aveiro,AVEIRO,PCP/PEV,10427,2.8
1991,Aveiro,AVEIRO,PSN,4628,1.3
1991,Aveiro,AVEIRO,PSR,2148,0.6
1991,Aveiro,AVEIRO,PCTP/MRPP,1646,0.4
1991,Aveiro,AVEIRO,PPM,1409,0.4
1991,Aveiro,AVEIRO,PRD,1133,0.3
1991,Aveiro,AVEIRO,FER,462,0.1
1991,Beja,BEJA,PCP/PEV,29429,30.4
1991,Beja,BEJA,PPD/PSD,28308,29.3
1991,Beja,BEJA,PS,27470,28.4
1991,Beja,BEJA,PSR,2314,2.4
1991,Beja,BEJA,CDS,2245,2.3
1991,Beja,BEJA,PCTP/MRPP,1828,1.9
1991,Beja,BEJA,PSN,990,1
1991,Beja,BEJA,PRD,790,0.8
1991,Beja,BEJA,PPM,366,0.4
1991,Beja,BEJA,PDA,216,0.2
1991,Braga,BRAGA,PPD/PSD,227580,53.6
1991,Braga,BRAGA,PS,133607,31.5
1991,Braga,BRAGA,CDS,23715,5.6
1991,Braga,BRAGA,PCP/PEV,19327,4.6
1991,Braga,BRAGA,PSR,3441,0.8
1991,Braga,BRAGA,PCTP/MRPP,3291,0.8
1991,Braga,BRAGA,PSN,3241,0.8
1991,Braga,BRAGA,PRD,1686,0.4
1991,Braga,BRAGA,PDA,1311,0.3
1991,Braga,BRAGA,PPM,1329,0.3
1991,Bragança,BRAGANÃ‡A,PPD/PSD,52608,57.9
1991,Bragança,BRAGANÃ‡A,PS,23300,25.7
1991,Bragança,BRAGANÃ‡A,CDS,7452,8.2
1991,Bragança,BRAGANÃ‡A,PCP/PEV,1888,2.1
1991,Bragança,BRAGANÃ‡A,PSN,1392,1.5
1991,Bragança,BRAGANÃ‡A,PRD,539,0.6
1991,Bragança,BRAGANÃ‡A,PCTP/MRPP,528,0.6
1991,Bragança,BRAGANÃ‡A,PPM,430,0.5
1991,Bragança,BRAGANÃ‡A,PSR,424,0.5
1991,Castelo Branco,CASTELO BRANCO,PPD/PSD,69867,51.8
1991,Castelo Branco,CASTELO BRANCO,PS,43777,32.4
1991,Castelo Branco,CASTELO BRANCO,PCP/PEV,6150,4.6
1991,Castelo Branco,CASTELO BRANCO,CDS,5269,3.9
1991,Castelo Branco,CASTELO BRANCO,PSN,3121,2.3
1991,Castelo Branco,CASTELO BRANCO,PRD,1250,0.9
1991,Castelo Branco,CASTELO BRANCO,PCTP/MRPP,1008,0.8
1991,Castelo Branco,CASTELO BRANCO,PSR,903,0.7
1991,Castelo Branco,CASTELO BRANCO,PPM,672,0.5
1991,Coimbra,COIMBRA,PPD/PSD,123176,49.9
1991,Coimbra,COIMBRA,PS,84879,34.4
1991,Coimbra,COIMBRA,PCP/PEV,12419,5
1991,Coimbra,COIMBRA,CDS,8715,3.5
1991,Coimbra,COIMBRA,PSN,4113,1.7
1991,Coimbra,COIMBRA,PSR,2315,0.9
1991,Coimbra,COIMBRA,PCTP/MRPP,1553,0.6
1991,Coimbra,COIMBRA,PRD,1325,0.5
1991,Coimbra,COIMBRA,PPM,1104,0.4
1991,Coimbra,COIMBRA,FER,1041,0.4
1991,Coimbra,COIMBRA,PDA,457,0.2
1991,Évora,Ã‰VORA,PPD/PSD,36603,35
1991,Évora,Ã‰VORA,PCP/PEV,28315,27.1
1991,Évora,Ã‰VORA,PS,27121,25.9
1991,Évora,Ã‰VORA,CDS,2953,2.8
1991,Évora,Ã‰VORA,PCTP/MRPP,2029,1.9
1991,Évora,Ã‰VORA,PSR,2019,1.9
1991,Évora,Ã‰VORA,PSN,1415,1.4
1991,Évora,Ã‰VORA,PRD,825,0.8
1991,Évora,Ã‰VORA,PPM,608,0.6
1991,Évora,Ã‰VORA,PDA,554,0.5
1991,Faro,FARO,PPD/PSD,98867,50.8
1991,Faro,FARO,PS,60770,31.2
1991,Faro,FARO,PCP/PEV,13979,7.2
1991,Faro,FARO,CDS,5435,2.8
1991,Faro,FARO,PSN,4298,2.2
1991,Faro,FARO,PSR,2268,1.2
1991,Faro,FARO,PRD,1911,1
1991,Faro,FARO,PCTP/MRPP,1637,0.8
1991,Faro,FARO,PPM,1079,0.6
1991,Guarda,GUARDA,PPD/PSD,66306,58.6
1991,Guarda,GUARDA,PS,30288,26.8
1991,Guarda,GUARDA,CDS,6676,5.9
1991,Guarda,GUARDA,PCP/PEV,2545,2.3
1991,Guarda,GUARDA,PSN,1487,1.3
1991,Guarda,GUARDA,PSR,1091,1
1991,Guarda,GUARDA,PRD,886,0.8
1991,Guarda,GUARDA,PCTP/MRPP,662,0.6
1991,Guarda,GUARDA,PPM,387,0.3
1991,Guarda,GUARDA,PDA,322,0.3
1991,Leiria,LEIRIA,PPD/PSD,147279,61.2
1991,Leiria,LEIRIA,PS,55442,23
1991,Leiria,LEIRIA,CDS,11527,4.8
1991,Leiria,LEIRIA,PCP/PEV,10742,4.5
1991,Leiria,LEIRIA,PSN,3467,1.4
1991,Leiria,LEIRIA,PSR,1841,0.8
1991,Leiria,LEIRIA,PRD,1478,0.6
1991,Leiria,LEIRIA,PCTP/MRPP,1217,0.5
1991,Leiria,LEIRIA,PPM,877,0.4
1991,Leiria,LEIRIA,PDA,578,0.2
1991,Lisboa,LISBOA,PPD/PSD,556881,45.3
1991,Lisboa,LISBOA,PS,365112,29.7
1991,Lisboa,LISBOA,PCP/PEV,149315,12.1
1991,Lisboa,LISBOA,CDS,49194,4
1991,Lisboa,LISBOA,PSN,32142,2.6
1991,Lisboa,LISBOA,PSR,22088,1.8
1991,Lisboa,LISBOA,PCTP/MRPP,13300,1.1
1991,Lisboa,LISBOA,PRD,7427,0.6
1991,Lisboa,LISBOA,PPM,6678,0.5
1991,Lisboa,LISBOA,FER,2282,0.2
1991,Lisboa,LISBOA,PDA,2306,0.2
1991,Madeira,MADEIRA,PPD/PSD,78069,62.4
1991,Madeira,MADEIRA,PS,25190,20.1
1991,Madeira,MADEIRA,CDS,7602,6.1
1991,Madeira,MADEIRA,UDP,5783,4.6
1991,Madeira,MADEIRA,PSN,2315,1.9
1991,Madeira,MADEIRA,PCP/PEV,1187,0.9
1991,Madeira,MADEIRA,PRD,600,0.5
1991,Madeira,MADEIRA,PDA,519,0.4
1991,Madeira,MADEIRA,PSR,493,0.4
1991,Madeira,MADEIRA,PPM,425,0.3
1991,Madeira,MADEIRA,PCTP/MRPP,384,0.3
1991,Portalegre,PORTALEGRE,PPD/PSD,32490,38.9
1991,Portalegre,PORTALEGRE,PS,27978,33.5
1991,Portalegre,PORTALEGRE,PCP/PEV,12664,15.2
1991,Portalegre,PORTALEGRE,CDS,2734,3.3
1991,Portalegre,PORTALEGRE,PSN,1512,1.8
1991,Portalegre,PORTALEGRE,PCTP/MRPP,1446,1.7
1991,Portalegre,PORTALEGRE,PSR,1431,1.7
1991,Portalegre,PORTALEGRE,PRD,869,1
1991,Portalegre,PORTALEGRE,PPM,458,0.6
1991,Porto,PORTO,PPD/PSD,489247,51.3
1991,Porto,PORTO,PS,313893,32.9
1991,Porto,PORTO,PCP/PEV,60666,6.4
1991,Porto,PORTO,CDS,38882,4.1
1991,Porto,PORTO,PSN,10446,1.1
1991,Porto,PORTO,PSR,6724,0.7
1991,Porto,PORTO,PCTP/MRPP,6268,0.7
1991,Porto,PORTO,PRD,4437,0.5
1991,Porto,PORTO,PPM,3433,0.4
1991,Porto,PORTO,FER,1906,0.2
1991,Porto,PORTO,PDA,1821,0.2
1991,Portugal,PORTUGAL,PPD/PSD,2902351,50.6
1991,Portugal,PORTUGAL,PS,1670758,29.1
1991,Portugal,PORTUGAL,PCP/PEV,504583,8.8
1991,Portugal,PORTUGAL,CDS,254317,4.4
1991,Portugal,PORTUGAL,PSN,96096,1.7
1991,Portugal,PORTUGAL,PSR,64159,1.1
1991,Portugal,PORTUGAL,PCTP/MRPP,48542,0.9
1991,Portugal,PORTUGAL,PRD,35077,0.6
1991,Portugal,PORTUGAL,PPM,25216,0.4
1991,Portugal,PORTUGAL,PDA,10842,0.2
1991,Portugal,PORTUGAL,FER,6661,0.1
1991,Portugal,PORTUGAL,UDP,6157,0.1
1991,Santarém,SANTARÃ‰M,PPD/PSD,130555,49.1
1991,Santarém,SANTARÃ‰M,PS,78232,29.4
1991,Santarém,SANTARÃ‰M,PCP/PEV,25922,9.8
1991,Santarém,SANTARÃ‰M,CDS,8823,3.3
1991,Santarém,SANTARÃ‰M,PSN,5755,2.2
1991,Santarém,SANTARÃ‰M,PSR,3456,1.3
1991,Santarém,SANTARÃ‰M,PRD,2628,1
1991,Santarém,SANTARÃ‰M,PCTP/MRPP,2286,0.9
1991,Santarém,SANTARÃ‰M,PPM,1197,0.4
1991,Santarém,SANTARÃ‰M,PDA,1051,0.4
1991,Setúbal,SETÃšBAL,PPD/PSD,140281,34.7
1991,Setúbal,SETÃšBAL,PS,114867,28.4
1991,Setúbal,SETÃšBAL,PCP/PEV,100784,24.9
1991,Setúbal,SETÃšBAL,CDS,10903,2.7
1991,Setúbal,SETÃšBAL,PSN,9594,2.4
1991,Setúbal,SETÃšBAL,PSR,7406,1.8
1991,Setúbal,SETÃšBAL,PCTP/MRPP,6368,1.6
1991,Setúbal,SETÃšBAL,PRD,3772,0.9
1991,Setúbal,SETÃšBAL,PPM,1724,0.4
1991,Setúbal,SETÃšBAL,FER,951,0.2
1991,Viana Do Castelo,VIANA DO CASTELO,PPD/PSD,79408,56.8
1991,Viana Do Castelo,VIANA DO CASTELO,PS,35212,25.2
1991,Viana Do Castelo,VIANA DO CASTELO,CDS,10081,7.2
1991,Viana Do Castelo,VIANA DO CASTELO,PCP/PEV,6923,5
1991,Viana Do Castelo,VIANA DO CASTELO,PSN,1700,1.2
1991,Viana Do Castelo,VIANA DO CASTELO,PRD,1500,1.1
1991,Viana Do Castelo,VIANA DO CASTELO,PCTP/MRPP,913,0.6
1991,Viana Do Castelo,VIANA DO CASTELO,PSR,766,0.6
1991,Viana Do Castelo,VIANA DO CASTELO,PPM,723,0.5
1991,Vila Real,VILA REAL,PPD/PSD,79190,60.6
1991,Vila Real,VILA REAL,PS,34051,26
1991,Vila Real,VILA REAL,CDS,6692,5.1
1991,Vila Real,VILA REAL,PCP/PEV,3377,2.6
1991,Vila Real,VILA REAL,PSN,1560,1.2
1991,Vila Real,VILA REAL,PSR,1064,0.8
1991,Vila Real,VILA REAL,PPM,766,0.6
1991,Vila Real,VILA REAL,PCTP/MRPP,606,0.5
1991,Vila Real,VILA REAL,PRD,522,0.4
1991,Viseu,VISEU,PPD/PSD,140582,64.3
1991,Viseu,VISEU,PS,42289,19.4
1991,Viseu,VISEU,CDS,13697,6.3
1991,Viseu,VISEU,PCP/PEV,4499,2.1
1991,Viseu,VISEU,PSN,2920,1.3
1991,Viseu,VISEU,PSR,1345,0.6
1991,Viseu,VISEU,PPM,1043,0.5
1991,Viseu,VISEU,PRD,843,0.4
1991,Viseu,VISEU,PCTP/MRPP,801,0.4
1995,Aveiro,AVEIRO,PPD/PSD,158152,41.2
1995,Aveiro,AVEIRO,PS,154396,40.2
1995,Aveiro,AVEIRO,CDS/PP,48383,12.6
1995,Aveiro,AVEIRO,PCP/PEV,10522,2.7
1995,Aveiro,AVEIRO,PCTP/MRPP,1440,0.4
1995,Aveiro,AVEIRO,PSR,1385,0.4
1995,Aveiro,AVEIRO,UDP,1124,0.3
1995,Aveiro,AVEIRO,PSN,851,0.2
1995,Aveiro,AVEIRO,PPM/MPT,610,0.2
1995,Aveiro,AVEIRO,PG,459,0.1
1995,Beja,BEJA,PS,44168,45.8
1995,Beja,BEJA,PCP/PEV,28178,29.2
1995,Beja,BEJA,PPD/PSD,15125,15.7
1995,Beja,BEJA,CDS/PP,3495,3.6
1995,Beja,BEJA,PCTP/MRPP,2173,2.3
1995,Beja,BEJA,UDP,992,1
1995,Beja,BEJA,PSR,570,0.6
1995,Braga,BRAGA,PS,194375,42.9
1995,Braga,BRAGA,PPD/PSD,173041,38.2
1995,Braga,BRAGA,CDS/PP,48430,10.7
1995,Braga,BRAGA,PCP/PEV,20584,4.5
1995,Braga,BRAGA,UDP,2216,0.5
1995,Braga,BRAGA,PCTP/MRPP,2118,0.5
1995,Braga,BRAGA,PSR,1776,0.4
1995,Braga,BRAGA,PSN,1525,0.3
1995,Braga,BRAGA,PG,1141,0.3
1995,Bragança,BRAGANÃ‡A,PPD/PSD,40581,44.8
1995,Bragança,BRAGANÃ‡A,PS,36532,40.3
1995,Bragança,BRAGANÃ‡A,CDS/PP,8493,9.4
1995,Bragança,BRAGANÃ‡A,PCP/PEV,1746,1.9
1995,Bragança,BRAGANÃ‡A,PSR,490,0.5
1995,Bragança,BRAGANÃ‡A,PCTP/MRPP,400,0.4
1995,Bragança,BRAGANÃ‡A,UDP,389,0.4
1995,Castelo Branco,CASTELO BRANCO,PS,72760,53.2
1995,Castelo Branco,CASTELO BRANCO,PPD/PSD,43962,32.1
1995,Castelo Branco,CASTELO BRANCO,CDS/PP,9863,7.2
1995,Castelo Branco,CASTELO BRANCO,PCP/PEV,4771,3.5
1995,Castelo Branco,CASTELO BRANCO,UDP,792,0.6
1995,Castelo Branco,CASTELO BRANCO,PCTP/MRPP,669,0.5
1995,Castelo Branco,CASTELO BRANCO,PSR,622,0.4
1995,Castelo Branco,CASTELO BRANCO,PPM/MPT,501,0.4
1995,Coimbra,COIMBRA,PS,125166,49.1
1995,Coimbra,COIMBRA,PPD/PSD,87817,34.5
1995,Coimbra,COIMBRA,CDS/PP,17976,7.1
1995,Coimbra,COIMBRA,PCP/PEV,12947,5.1
1995,Coimbra,COIMBRA,PCTP/MRPP,1575,0.6
1995,Coimbra,COIMBRA,PSR,1490,0.6
1995,Coimbra,COIMBRA,UDP,1249,0.5
1995,Coimbra,COIMBRA,PSN,615,0.2
1995,Évora,Ã‰VORA,PS,44488,42.6
1995,Évora,Ã‰VORA,PCP/PEV,28106,26.9
1995,Évora,Ã‰VORA,PPD/PSD,21091,20.2
1995,Évora,Ã‰VORA,CDS/PP,5453,5.2
1995,Évora,Ã‰VORA,PCTP/MRPP,2000,1.9
1995,Évora,Ã‰VORA,UDP,789,0.8
1995,Évora,Ã‰VORA,PSR,470,0.4
1995,Évora,Ã‰VORA,PPM/MPT,367,0.3
1995,Faro,FARO,PS,98323,49.6
1995,Faro,FARO,PPD/PSD,57929,29.2
1995,Faro,FARO,CDS/PP,16497,8.3
1995,Faro,FARO,PCP/PEV,15487,7.8
1995,Faro,FARO,PCTP/MRPP,1727,0.9
1995,Faro,FARO,UDP,1292,0.6
1995,Faro,FARO,PSR,1130,0.6
1995,Faro,FARO,MPT,813,0.4
1995,Faro,FARO,PSN,786,0.4
1995,Guarda,GUARDA,PS,49498,43.7
1995,Guarda,GUARDA,PPD/PSD,45285,39.9
1995,Guarda,GUARDA,CDS/PP,11265,9.9
1995,Guarda,GUARDA,PCP/PEV,2602,2.3
1995,Guarda,GUARDA,UDP,582,0.5
1995,Guarda,GUARDA,PSR,534,0.5
1995,Guarda,GUARDA,PSN,485,0.4
1995,Guarda,GUARDA,PCTP/MRPP,479,0.4
1995,Leiria,LEIRIA,PPD/PSD,105969,43.3
1995,Leiria,LEIRIA,PS,89771,36.7
1995,Leiria,LEIRIA,CDS/PP,27863,11.4
1995,Leiria,LEIRIA,PCP/PEV,11087,4.5
1995,Leiria,LEIRIA,PCTP/MRPP,1451,0.6
1995,Leiria,LEIRIA,PSR,1186,0.5
1995,Leiria,LEIRIA,UDP,1126,0.5
1995,Leiria,LEIRIA,MUT,651,0.3
1995,Lisboa,LISBOA,PS,559551,44.3
1995,Lisboa,LISBOA,PPD/PSD,365857,29
1995,Lisboa,LISBOA,PCP/PEV,151351,12
1995,Lisboa,LISBOA,CDS/PP,118547,9.4
1995,Lisboa,LISBOA,PSR,16857,1.3
1995,Lisboa,LISBOA,PCTP/MRPP,9113,0.7
1995,Lisboa,LISBOA,UDP,8095,0.6
1995,Lisboa,LISBOA,MPT,5506,0.4
1995,Lisboa,LISBOA,PG,2481,0.2
1995,Lisboa,LISBOA,PSN,1929,0.2
1995,Lisboa,LISBOA,PDA,1211,0.1
1995,Lisboa,LISBOA,MUT,1011,0.1
1995,Madeira,MADEIRA,PPD/PSD,61196,46.1
1995,Madeira,MADEIRA,PS,43622,32.9
1995,Madeira,MADEIRA,CDS/PP,17157,12.9
1995,Madeira,MADEIRA,UDP,3654,2.8
1995,Madeira,MADEIRA,PCP/PEV,1737,1.3
1995,Madeira,MADEIRA,PSN,873,0.7
1995,Madeira,MADEIRA,PSR,453,0.3
1995,Madeira,MADEIRA,PCTP/MRPP,426,0.3
1995,Madeira,MADEIRA,MPT,346,0.3
1995,Madeira,MADEIRA,PDA,327,0.3
1995,Portalegre,PORTALEGRE,PS,41499,50.5
1995,Portalegre,PORTALEGRE,PPD/PSD,19272,23.4
1995,Portalegre,PORTALEGRE,PCP/PEV,11482,14
1995,Portalegre,PORTALEGRE,CDS/PP,5182,6.3
1995,Portalegre,PORTALEGRE,PCTP/MRPP,1542,1.9
1995,Portalegre,PORTALEGRE,UDP,670,0.8
1995,Portalegre,PORTALEGRE,PSN,359,0.4
1995,Portalegre,PORTALEGRE,PSR,340,0.4
1995,Portalegre,PORTALEGRE,MPT,271,0.3
1995,Porto,PORTO,PS,467512,46.7
1995,Porto,PORTO,PPD/PSD,364019,36.4
1995,Porto,PORTO,CDS/PP,77602,7.8
1995,Porto,PORTO,PCP/PEV,60178,6
1995,Porto,PORTO,PSR,3523,0.3
1995,Porto,PORTO,PCTP/MRPP,3220,0.3
1995,Porto,PORTO,UDP,2883,0.3
1995,Porto,PORTO,PSN,2478,0.3
1995,Porto,PORTO,PPM/MPT,2292,0.2
1995,Porto,PORTO,PG,1414,0.1
1995,Porto,PORTO,MUT,377,0
1995,Portugal,PORTUGAL,PS,2583755,43.8
1995,Portugal,PORTUGAL,PPD/PSD,2014589,34.1
1995,Portugal,PORTUGAL,CDS/PP,534470,9.1
1995,Portugal,PORTUGAL,PCP/PEV,506157,8.6
1995,Portugal,PORTUGAL,PCTP/MRPP,41137,0.7
1995,Portugal,PORTUGAL,PSR,37638,0.6
1995,Portugal,PORTUGAL,UDP,33876,0.6
1995,Portugal,PORTUGAL,PSN,12613,0.2
1995,Portugal,PORTUGAL,MPT,8235,0.1
1995,Portugal,PORTUGAL,PG,8279,0.1
1995,Portugal,PORTUGAL,PPM/MPT,5932,0.1
1995,Portugal,PORTUGAL,MUT,2544,0
1995,Portugal,PORTUGAL,PDA,2536,0
1995,Santarém,SANTARÃ‰M,PS,123379,45.8
1995,Santarém,SANTARÃ‰M,PPD/PSD,83580,31
1995,Santarém,SANTARÃ‰M,PCP/PEV,25647,9.5
1995,Santarém,SANTARÃ‰M,CDS/PP,23466,8.7
1995,Santarém,SANTARÃ‰M,PCTP/MRPP,2528,0.9
1995,Santarém,SANTARÃ‰M,UDP,1793,0.7
1995,Santarém,SANTARÃ‰M,PSR,1534,0.6
1995,Santarém,SANTARÃ‰M,MPT,955,0.3
1995,Santarém,SANTARÃ‰M,PSN,938,0.3
1995,Setúbal,SETÃšBAL,PS,194313,44.9
1995,Setúbal,SETÃšBAL,PCP/PEV,102911,23.8
1995,Setúbal,SETÃšBAL,PPD/PSD,79645,18.4
1995,Setúbal,SETÃšBAL,CDS/PP,31261,7.2
1995,Setúbal,SETÃšBAL,PCTP/MRPP,7181,1.7
1995,Setúbal,SETÃšBAL,UDP,3832,0.9
1995,Setúbal,SETÃšBAL,PSR,2650,0.6
1995,Setúbal,SETÃšBAL,PPM/MPT,1666,0.4
1995,Setúbal,SETÃšBAL,PG,1010,0.2
1995,Setúbal,SETÃšBAL,PSN,659,0.2
1995,Setúbal,SETÃšBAL,MUT,396,0.1
1995,Viana Do Castelo,VIANA DO CASTELO,PPD/PSD,61051,42.1
1995,Viana Do Castelo,VIANA DO CASTELO,PS,56234,38.8
1995,Viana Do Castelo,VIANA DO CASTELO,CDS/PP,16328,11.3
1995,Viana Do Castelo,VIANA DO CASTELO,PCP/PEV,6614,4.6
1995,Viana Do Castelo,VIANA DO CASTELO,PCTP/MRPP,753,0.5
1995,Viana Do Castelo,VIANA DO CASTELO,UDP,527,0.4
1995,Viana Do Castelo,VIANA DO CASTELO,PPM/MPT,496,0.3
1995,Viana Do Castelo,VIANA DO CASTELO,PSR,491,0.3
1995,Viana Do Castelo,VIANA DO CASTELO,PG,340,0.2
1995,Vila Real,VILA REAL,PPD/PSD,61290,46
1995,Vila Real,VILA REAL,PS,53259,40
1995,Vila Real,VILA REAL,CDS/PP,10420,7.8
1995,Vila Real,VILA REAL,PCP/PEV,2567,1.9
1995,Vila Real,VILA REAL,PCTP/MRPP,772,0.6
1995,Vila Real,VILA REAL,PSR,683,0.5
1995,Vila Real,VILA REAL,PSN,528,0.4
1995,Vila Real,VILA REAL,PG,519,0.4
1995,Vila Real,VILA REAL,UDP,506,0.4
1995,Viseu,VISEU,PPD/PSD,96145,44.3
1995,Viseu,VISEU,PS,83325,38.4
1995,Viseu,VISEU,CDS/PP,24904,11.5
1995,Viseu,VISEU,PCP/PEV,3887,1.8
1995,Viseu,VISEU,PCTP/MRPP,948,0.4
1995,Viseu,VISEU,PSR,927,0.4
1995,Viseu,VISEU,PG,915,0.4
1995,Viseu,VISEU,UDP,795,0.4
1995,Viseu,VISEU,PSN,587,0.3
1999,Aveiro,AVEIRO,PS,145577,40.2
1999,Aveiro,AVEIRO,PPD/PSD,138717,38.3
1999,Aveiro,AVEIRO,CDS/PP,49196,13.6
1999,Aveiro,AVEIRO,PCP/PEV,12787,3.5
1999,Aveiro,AVEIRO,B.E.,4677,1.3
1999,Aveiro,AVEIRO,PCTP/MRPP,1520,0.4
1999,Aveiro,AVEIRO,PPM,1142,0.3
1999,Aveiro,AVEIRO,PH,971,0.3
1999,Aveiro,AVEIRO,MPT,842,0.2
1999,Aveiro,AVEIRO,PSN,660,0.2
1999,Beja,BEJA,PS,39729,46.7
1999,Beja,BEJA,PCP/PEV,24080,28.3
1999,Beja,BEJA,PPD/PSD,12310,14.5
1999,Beja,BEJA,CDS/PP,3313,3.9
1999,Beja,BEJA,PCTP/MRPP,1664,2
1999,Beja,BEJA,B.E.,1314,1.5
1999,Beja,BEJA,PPM,395,0.5
1999,Beja,BEJA,MPT,277,0.3
1999,Beja,BEJA,PSN,210,0.3
1999,Braga,BRAGA,PS,194979,44.3
1999,Braga,BRAGA,PPD/PSD,161616,36.7
1999,Braga,BRAGA,CDS/PP,38973,8.9
1999,Braga,BRAGA,PCP/PEV,23828,5.4
1999,Braga,BRAGA,B.E.,5164,1.2
1999,Braga,BRAGA,PCTP/MRPP,2963,0.7
1999,Braga,BRAGA,PSN,1750,0.4
1999,Braga,BRAGA,PPM,1436,0.3
1999,Braga,BRAGA,MPT,969,0.2
1999,Braga,BRAGA,PH,863,0.2
1999,Braga,BRAGA,POUS,827,0.2
1999,Bragança,BRAGANÃ‡A,PPD/PSD,37130,45.1
1999,Bragança,BRAGANÃ‡A,PS,32715,39.7
1999,Bragança,BRAGANÃ‡A,CDS/PP,7131,8.7
1999,Bragança,BRAGANÃ‡A,PCP/PEV,2160,2.6
1999,Bragança,BRAGANÃ‡A,B.E.,695,0.8
1999,Bragança,BRAGANÃ‡A,PCTP/MRPP,537,0.6
1999,Bragança,BRAGANÃ‡A,MPT,314,0.4
1999,Bragança,BRAGANÃ‡A,PSN,240,0.3
1999,Castelo Branco,CASTELO BRANCO,PS,63309,51.6
1999,Castelo Branco,CASTELO BRANCO,PPD/PSD,39176,32
1999,Castelo Branco,CASTELO BRANCO,CDS/PP,7660,6.3
1999,Castelo Branco,CASTELO BRANCO,PCP/PEV,6444,5.3
1999,Castelo Branco,CASTELO BRANCO,B.E.,1522,1.2
1999,Castelo Branco,CASTELO BRANCO,PCTP/MRPP,845,0.7
1999,Castelo Branco,CASTELO BRANCO,PPM,589,0.5
1999,Castelo Branco,CASTELO BRANCO,MPT,424,0.3
1999,Coimbra,COIMBRA,PS,109536,47.2
1999,Coimbra,COIMBRA,PPD/PSD,81760,35.2
1999,Coimbra,COIMBRA,PCP/PEV,14200,6.1
1999,Coimbra,COIMBRA,CDS/PP,13875,6
1999,Coimbra,COIMBRA,B.E.,4536,2
1999,Coimbra,COIMBRA,PCTP/MRPP,1251,0.5
1999,Coimbra,COIMBRA,PPM,948,0.4
1999,Coimbra,COIMBRA,MPT,640,0.3
1999,Coimbra,COIMBRA,PH,430,0.2
1999,Coimbra,COIMBRA,POUS,243,0.1
1999,Évora,Ã‰VORA,PS,42325,45.7
1999,Évora,Ã‰VORA,PCP/PEV,22839,24.6
1999,Évora,Ã‰VORA,PPD/PSD,17307,18.7
1999,Évora,Ã‰VORA,CDS/PP,4683,5.1
1999,Évora,Ã‰VORA,PCTP/MRPP,1588,1.7
1999,Évora,Ã‰VORA,B.E.,1392,1.5
1999,Évora,Ã‰VORA,PPM,364,0.4
1999,Évora,Ã‰VORA,MPT,336,0.4
1999,Évora,Ã‰VORA,PSN,193,0.2
1999,Faro,FARO,PS,87239,48.4
1999,Faro,FARO,PPD/PSD,53153,29.5
1999,Faro,FARO,PCP/PEV,14890,8.3
1999,Faro,FARO,CDS/PP,13091,7.3
1999,Faro,FARO,B.E.,4129,2.3
1999,Faro,FARO,PCTP/MRPP,2062,1.1
1999,Faro,FARO,MPT,1233,0.7
1999,Guarda,GUARDA,PS,44271,43.4
1999,Guarda,GUARDA,PPD/PSD,40004,39.2
1999,Guarda,GUARDA,CDS/PP,10014,9.8
1999,Guarda,GUARDA,PCP/PEV,3228,3.2
1999,Guarda,GUARDA,B.E.,1088,1.1
1999,Guarda,GUARDA,PCTP/MRPP,667,0.6
1999,Guarda,GUARDA,MPT,413,0.4
1999,Leiria,LEIRIA,PPD/PSD,99192,42.6
1999,Leiria,LEIRIA,PS,85593,36.8
1999,Leiria,LEIRIA,CDS/PP,23099,9.9
1999,Leiria,LEIRIA,PCP/PEV,12357,5.3
1999,Leiria,LEIRIA,B.E.,3848,1.6
1999,Leiria,LEIRIA,PCTP/MRPP,1724,0.7
1999,Leiria,LEIRIA,MPT,896,0.4
1999,Leiria,LEIRIA,PSN,618,0.3
1999,Leiria,LEIRIA,POUS,469,0.2
1999,Lisboa,LISBOA,PS,486624,42.7
1999,Lisboa,LISBOA,PPD/PSD,310577,27.3
1999,Lisboa,LISBOA,PCP/PEV,140092,12.3
1999,Lisboa,LISBOA,CDS/PP,97028,8.5
1999,Lisboa,LISBOA,B.E.,55340,4.9
1999,Lisboa,LISBOA,PCTP/MRPP,9434,0.8
1999,Lisboa,LISBOA,MPT,6203,0.5
1999,Lisboa,LISBOA,PPM,4827,0.4
1999,Lisboa,LISBOA,PH,2082,0.2
1999,Lisboa,LISBOA,PSN,1813,0.2
1999,Lisboa,LISBOA,POUS,1501,0.1
1999,Madeira,MADEIRA,PPD/PSD,56205,46.2
1999,Madeira,MADEIRA,PS,42637,35
1999,Madeira,MADEIRA,CDS/PP,13209,10.9
1999,Madeira,MADEIRA,PCP/PEV,3428,2.8
1999,Madeira,MADEIRA,B.E.,1481,1.2
1999,Madeira,MADEIRA,PCTP/MRPP,651,0.5
1999,Madeira,MADEIRA,PSN,571,0.5
1999,Madeira,MADEIRA,MPT,487,0.4
1999,Portalegre,PORTALEGRE,PS,36545,51.2
1999,Portalegre,PORTALEGRE,PPD/PSD,16068,22.5
1999,Portalegre,PORTALEGRE,PCP/PEV,10687,15
1999,Portalegre,PORTALEGRE,CDS/PP,4180,5.9
1999,Portalegre,PORTALEGRE,PCTP/MRPP,899,1.3
1999,Portalegre,PORTALEGRE,B.E.,876,1.2
1999,Portalegre,PORTALEGRE,PPM,277,0.4
1999,Portalegre,PORTALEGRE,MPT,256,0.4
1999,Portalegre,PORTALEGRE,PSN,120,0.2
1999,Porto,PORTO,PS,439176,48
1999,Porto,PORTO,PPD/PSD,298910,32.7
1999,Porto,PORTO,CDS/PP,68951,7.5
1999,Porto,PORTO,PCP/PEV,57138,6.2
1999,Porto,PORTO,B.E.,21374,2.3
1999,Porto,PORTO,PCTP/MRPP,4588,0.5
1999,Porto,PORTO,PPM,2699,0.3
1999,Porto,PORTO,MPT,2070,0.2
1999,Porto,PORTO,PH,2004,0.2
1999,Porto,PORTO,PSN,1974,0.2
1999,Porto,PORTO,POUS,644,0.1
1999,Portugal,PORTUGAL,PS,2385922,44.1
1999,Portugal,PORTUGAL,PPD/PSD,1750158,32.3
1999,Portugal,PORTUGAL,PCP/PEV,487058,9
1999,Portugal,PORTUGAL,CDS/PP,451643,8.3
1999,Portugal,PORTUGAL,B.E.,132333,2.4
1999,Portugal,PORTUGAL,PCTP/MRPP,40006,0.7
1999,Portugal,PORTUGAL,MPT,19938,0.4
1999,Portugal,PORTUGAL,PPM,16522,0.3
1999,Portugal,PORTUGAL,PSN,11488,0.2
1999,Portugal,PORTUGAL,PH,7346,0.1
1999,Portugal,PORTUGAL,POUS,4104,0.1
1999,Portugal,PORTUGAL,PDA,438,0
1999,Santarém,SANTARÃ‰M,PS,110345,45.5
1999,Santarém,SANTARÃ‰M,PPD/PSD,73307,30.2
1999,Santarém,SANTARÃ‰M,PCP/PEV,24564,10.1
1999,Santarém,SANTARÃ‰M,CDS/PP,19560,8.1
1999,Santarém,SANTARÃ‰M,B.E.,4800,2
1999,Santarém,SANTARÃ‰M,PCTP/MRPP,2502,1
1999,Santarém,SANTARÃ‰M,MPT,1116,0.5
1999,Santarém,SANTARÃ‰M,PSN,835,0.3
1999,Setúbal,SETÃšBAL,PS,170685,43.7
1999,Setúbal,SETÃšBAL,PCP/PEV,96709,24.8
1999,Setúbal,SETÃšBAL,PPD/PSD,70347,18
1999,Setúbal,SETÃšBAL,CDS/PP,21983,5.6
1999,Setúbal,SETÃšBAL,B.E.,13806,3.5
1999,Setúbal,SETÃšBAL,PCTP/MRPP,4142,1.1
1999,Setúbal,SETÃšBAL,PPM,1782,0.5
1999,Setúbal,SETÃšBAL,MPT,1714,0.4
1999,Setúbal,SETÃšBAL,PSN,796,0.2
1999,Setúbal,SETÃšBAL,POUS,387,0.1
1999,Viana Do Castelo,VIANA DO CASTELO,PS,55149,40.2
1999,Viana Do Castelo,VIANA DO CASTELO,PPD/PSD,49081,35.8
1999,Viana Do Castelo,VIANA DO CASTELO,CDS/PP,19249,14
1999,Viana Do Castelo,VIANA DO CASTELO,PCP/PEV,6886,5
1999,Viana Do Castelo,VIANA DO CASTELO,B.E.,1689,1.2
1999,Viana Do Castelo,VIANA DO CASTELO,PCTP/MRPP,729,0.5
1999,Viana Do Castelo,VIANA DO CASTELO,PPM,646,0.5
1999,Viana Do Castelo,VIANA DO CASTELO,MPT,449,0.3
1999,Viana Do Castelo,VIANA DO CASTELO,PSN,446,0.3
1999,Viana Do Castelo,VIANA DO CASTELO,PH,360,0.3
1999,Vila Real,VILA REAL,PPD/PSD,56646,45.5
1999,Vila Real,VILA REAL,PS,50713,40.8
1999,Vila Real,VILA REAL,CDS/PP,8507,6.8
1999,Vila Real,VILA REAL,PCP/PEV,3004,2.4
1999,Vila Real,VILA REAL,B.E.,1001,0.8
1999,Vila Real,VILA REAL,PPM,654,0.5
1999,Vila Real,VILA REAL,PCTP/MRPP,645,0.5
1999,Vila Real,VILA REAL,PSN,509,0.4
1999,Vila Real,VILA REAL,MPT,328,0.3
1999,Viseu,VISEU,PPD/PSD,90305,44.3
1999,Viseu,VISEU,PS,77726,38.1
1999,Viseu,VISEU,CDS/PP,21300,10.4
1999,Viseu,VISEU,PCP/PEV,4479,2.2
1999,Viseu,VISEU,B.E.,2400,1.2
1999,Viseu,VISEU,PCTP/MRPP,996,0.5
1999,Viseu,VISEU,PPM,644,0.3
1999,Viseu,VISEU,PSN,643,0.3
1999,Viseu,VISEU,PH,616,0.3
1999,Viseu,VISEU,MPT,450,0.2
2002,Aveiro,AVEIRO,PPD/PSD,169926,46.4
2002,Aveiro,AVEIRO,PS,122606,33.5
2002,Aveiro,AVEIRO,CDS-PP,47131,12.9
2002,Aveiro,AVEIRO,PCP-PEV-CDU,9554,2.6
2002,Aveiro,AVEIRO,B.E.,6647,1.8
2002,Aveiro,AVEIRO,PCTP/MRPP,1472,0.4
2002,Aveiro,AVEIRO,PH,933,0.3
2002,Aveiro,AVEIRO,PPM,819,0.2
2002,Aveiro,AVEIRO,MPT,760,0.2
2002,Beja,BEJA,PS,35814,43.5
2002,Beja,BEJA,PCP-PEV-CDU,19911,24.2
2002,Beja,BEJA,PPD/PSD,17449,21.2
2002,Beja,BEJA,CDS-PP,3063,3.7
2002,Beja,BEJA,PCTP/MRPP,1937,2.4
2002,Beja,BEJA,B.E.,1554,1.9
2002,Beja,BEJA,PPM,255,0.3
2002,Beja,BEJA,POUS,236,0.3
2002,Beja,BEJA,MPT,192,0.2
2002,Beja,BEJA,PH,173,0.2
2002,Braga,BRAGA,PPD/PSD,201443,44.4
2002,Braga,BRAGA,PS,169672,37.4
2002,Braga,BRAGA,CDS-PP,42074,9.3
2002,Braga,BRAGA,PCP-PEV-CDU,19808,4.4
2002,Braga,BRAGA,B.E.,7654,1.7
2002,Braga,BRAGA,PCTP/MRPP,2378,0.5
2002,Braga,BRAGA,PPM,1257,0.3
2002,Braga,BRAGA,PH,934,0.2
2002,Braga,BRAGA,MPT,819,0.2
2002,Braga,BRAGA,POUS,722,0.2
2002,Bragança,BRAGANÃ‡A,PPD/PSD,45070,53.2
2002,Bragança,BRAGANÃ‡A,PS,25357,30
2002,Bragança,BRAGANÃ‡A,CDS-PP,9213,10.9
2002,Bragança,BRAGANÃ‡A,PCP-PEV-CDU,1564,1.9
2002,Bragança,BRAGANÃ‡A,B.E.,789,0.9
2002,Bragança,BRAGANÃ‡A,PCTP/MRPP,393,0.5
2002,Bragança,BRAGANÃ‡A,PH,368,0.4
2002,Bragança,BRAGANÃ‡A,MPT,231,0.3
2002,Castelo Branco,CASTELO BRANCO,PS,55140,46.1
2002,Castelo Branco,CASTELO BRANCO,PPD/PSD,45771,38.3
2002,Castelo Branco,CASTELO BRANCO,CDS-PP,8491,7.1
2002,Castelo Branco,CASTELO BRANCO,PCP-PEV-CDU,3915,3.3
2002,Castelo Branco,CASTELO BRANCO,B.E.,1798,1.5
2002,Castelo Branco,CASTELO BRANCO,PCTP/MRPP,818,0.7
2002,Castelo Branco,CASTELO BRANCO,PPM,402,0.3
2002,Castelo Branco,CASTELO BRANCO,PH,394,0.3
2002,Castelo Branco,CASTELO BRANCO,MPT,370,0.3
2002,Castelo Branco,CASTELO BRANCO,PNR,258,0.2
2002,Coimbra,COIMBRA,PS,96806,41.3
2002,Coimbra,COIMBRA,PPD/PSD,95944,41
2002,Coimbra,COIMBRA,CDS-PP,15629,6.7
2002,Coimbra,COIMBRA,PCP-PEV-CDU,11840,5.1
2002,Coimbra,COIMBRA,B.E.,5664,2.4
2002,Coimbra,COIMBRA,PCTP/MRPP,1048,0.4
2002,Coimbra,COIMBRA,PPM,809,0.3
2002,Coimbra,COIMBRA,MPT,650,0.3
2002,Coimbra,COIMBRA,PH,532,0.2
2002,Coimbra,COIMBRA,PNR,212,0.1
2002,Coimbra,COIMBRA,POUS,222,0.1
2002,Évora,Ã‰VORA,PS,38907,42.8
2002,Évora,Ã‰VORA,PPD/PSD,23032,25.3
2002,Évora,Ã‰VORA,PCP-PEV-CDU,19824,21.8
2002,Évora,Ã‰VORA,CDS-PP,4171,4.6
2002,Évora,Ã‰VORA,B.E.,1611,1.8
2002,Évora,Ã‰VORA,PCTP/MRPP,1200,1.3
2002,Évora,Ã‰VORA,MPT,257,0.3
2002,Évora,Ã‰VORA,PPM,188,0.2
2002,Évora,Ã‰VORA,PH,147,0.2
2002,Évora,Ã‰VORA,PNR,82,0.1
2002,Évora,Ã‰VORA,POUS,84,0.1
2002,Faro,FARO,PS,75468,40.5
2002,Faro,FARO,PPD/PSD,70236,37.7
2002,Faro,FARO,CDS-PP,15539,8.3
2002,Faro,FARO,PCP-PEV-CDU,11696,6.3
2002,Faro,FARO,B.E.,5168,2.8
2002,Faro,FARO,PCTP/MRPP,1846,1
2002,Faro,FARO,MPT,703,0.4
2002,Faro,FARO,PPM,708,0.4
2002,Faro,FARO,PH,445,0.2
2002,Guarda,GUARDA,PPD/PSD,48972,48.5
2002,Guarda,GUARDA,PS,34991,34.7
2002,Guarda,GUARDA,CDS-PP,9657,9.6
2002,Guarda,GUARDA,PCP-PEV-CDU,2234,2.2
2002,Guarda,GUARDA,B.E.,1231,1.2
2002,Guarda,GUARDA,PCTP/MRPP,543,0.5
2002,Guarda,GUARDA,MPT,458,0.4
2002,Guarda,GUARDA,PH,384,0.4
2002,Guarda,GUARDA,PPM,305,0.3
2002,Leiria,LEIRIA,PPD/PSD,121140,50.8
2002,Leiria,LEIRIA,PS,70339,29.5
2002,Leiria,LEIRIA,CDS-PP,23460,9.8
2002,Leiria,LEIRIA,PCP-PEV-CDU,9801,4.1
2002,Leiria,LEIRIA,B.E.,5289,2.2
2002,Leiria,LEIRIA,PCTP/MRPP,997,0.4
2002,Leiria,LEIRIA,MPT,664,0.3
2002,Leiria,LEIRIA,PPM,656,0.3
2002,Leiria,LEIRIA,POUS,516,0.2
2002,Leiria,LEIRIA,PH,415,0.2
2002,Lisboa,LISBOA,PS,440790,38.7
2002,Lisboa,LISBOA,PPD/PSD,406499,35.7
2002,Lisboa,LISBOA,PCP-PEV-CDU,100208,8.8
2002,Lisboa,LISBOA,CDS-PP,96543,8.5
2002,Lisboa,LISBOA,B.E.,53092,4.7
2002,Lisboa,LISBOA,PCTP/MRPP,7858,0.7
2002,Lisboa,LISBOA,MPT,4554,0.4
2002,Lisboa,LISBOA,PPM,4040,0.3
2002,Lisboa,LISBOA,PH,1583,0.1
2002,Lisboa,LISBOA,PNR,1614,0.1
2002,Lisboa,LISBOA,POUS,1176,0.1
2002,Madeira,MADEIRA,PPD/PSD,67094,53.5
2002,Madeira,MADEIRA,PS,32335,25.8
2002,Madeira,MADEIRA,CDS-PP,15185,12.1
2002,Madeira,MADEIRA,B.E.-UDP,3911,3.1
2002,Madeira,MADEIRA,PCP-PEV-CDU,3128,2.5
2002,Madeira,MADEIRA,PCTP/MRPP,870,0.7
2002,Portalegre,PORTALEGRE,PS,31004,45.3
2002,Portalegre,PORTALEGRE,PPD/PSD,20955,30.6
2002,Portalegre,PORTALEGRE,PCP-PEV-CDU,8492,12.4
2002,Portalegre,PORTALEGRE,CDS-PP,4419,6.5
2002,Portalegre,PORTALEGRE,B.E.,1072,1.6
2002,Portalegre,PORTALEGRE,PCTP/MRPP,764,1.1
2002,Portalegre,PORTALEGRE,PPM,219,0.3
2002,Portalegre,PORTALEGRE,PH,146,0.2
2002,Portalegre,PORTALEGRE,MPT,140,0.2
2002,Porto,PORTO,PS,386004,41.2
2002,Porto,PORTO,PPD/PSD,375204,40
2002,Porto,PORTO,CDS-PP,79034,8.4
2002,Porto,PORTO,PCP-PEV-CDU,43272,4.6
2002,Porto,PORTO,B.E.,25195,2.7
2002,Porto,PORTO,PCTP/MRPP,5740,0.6
2002,Porto,PORTO,MPT,2066,0.2
2002,Porto,PORTO,PH,1830,0.2
2002,Porto,PORTO,PNR,1781,0.2
2002,Portugal,PORTUGAL,PPD/PSD,2200765,40.2
2002,Portugal,PORTUGAL,PS,2068584,37.8
2002,Portugal,PORTUGAL,CDS-PP,477350,8.7
2002,Portugal,PORTUGAL,PCP-PEV-CDU,379870,6.9
2002,Portugal,PORTUGAL,B.E.,149966,2.7
2002,Portugal,PORTUGAL,PCTP/MRPP,36193,0.7
2002,Portugal,PORTUGAL,MPT,15540,0.3
2002,Portugal,PORTUGAL,PPM,12398,0.2
2002,Portugal,PORTUGAL,PH,11472,0.2
2002,Portugal,PORTUGAL,PNR,4712,0.1
2002,Portugal,PORTUGAL,POUS,4316,0.1
2002,Portugal,PORTUGAL,B.E.-UDP,3911,0.1
2002,Santarém,SANTARÃ‰M,PS,93164,38.4
2002,Santarém,SANTARÃ‰M,PPD/PSD,92562,38.1
2002,Santarém,SANTARÃ‰M,PCP-PEV-CDU,20748,8.6
2002,Santarém,SANTARÃ‰M,CDS-PP,20410,8.4
2002,Santarém,SANTARÃ‰M,B.E.,6760,2.8
2002,Santarém,SANTARÃ‰M,PCTP/MRPP,1451,0.6
2002,Santarém,SANTARÃ‰M,PPM,905,0.4
2002,Santarém,SANTARÃ‰M,MPT,613,0.3
2002,Santarém,SANTARÃ‰M,POUS,583,0.2
2002,Santarém,SANTARÃ‰M,PH,501,0.2
2002,Setúbal,SETÃšBAL,PS,154794,39.3
2002,Setúbal,SETÃšBAL,PPD/PSD,97465,24.7
2002,Setúbal,SETÃšBAL,PCP-PEV-CDU,80759,20.5
2002,Setúbal,SETÃšBAL,CDS-PP,27216,6.9
2002,Setúbal,SETÃšBAL,B.E.,18213,4.6
2002,Setúbal,SETÃšBAL,PCTP/MRPP,4324,1.1
2002,Setúbal,SETÃšBAL,MPT,1436,0.4
2002,Setúbal,SETÃšBAL,PH,791,0.2
2002,Setúbal,SETÃšBAL,PNR,723,0.2
2002,Setúbal,SETÃšBAL,POUS,709,0.2
2002,Viana Do Castelo,VIANA DO CASTELO,PPD/PSD,63386,45.5
2002,Viana Do Castelo,VIANA DO CASTELO,PS,49122,35.3
2002,Viana Do Castelo,VIANA DO CASTELO,CDS-PP,14283,10.3
2002,Viana Do Castelo,VIANA DO CASTELO,PCP-PEV-CDU,4844,3.5
2002,Viana Do Castelo,VIANA DO CASTELO,B.E.,2485,1.8
2002,Viana Do Castelo,VIANA DO CASTELO,PCTP/MRPP,870,0.6
2002,Viana Do Castelo,VIANA DO CASTELO,PH,701,0.5
2002,Viana Do Castelo,VIANA DO CASTELO,PPM,541,0.4
2002,Viana Do Castelo,VIANA DO CASTELO,MPT,321,0.2
2002,Vila Real,VILA REAL,PPD/PSD,68518,54.1
2002,Vila Real,VILA REAL,PS,40368,31.9
2002,Vila Real,VILA REAL,CDS-PP,10225,8.1
2002,Vila Real,VILA REAL,PCP-PEV-CDU,2516,2
2002,Vila Real,VILA REAL,B.E.,1116,0.9
2002,Vila Real,VILA REAL,PH,431,0.3
2002,Vila Real,VILA REAL,PCTP/MRPP,419,0.3
2002,Vila Real,VILA REAL,PPM,334,0.3
2002,Vila Real,VILA REAL,MPT,307,0.2
2002,Viseu,VISEU,PPD/PSD,110035,52
2002,Viseu,VISEU,PS,65673,31.1
2002,Viseu,VISEU,CDS-PP,22374,10.6
2002,Viseu,VISEU,PCP-PEV-CDU,3202,1.5
2002,Viseu,VISEU,B.E.,3049,1.4
2002,Viseu,VISEU,PCTP/MRPP,778,0.4
2002,Viseu,VISEU,PH,764,0.4
2002,Viseu,VISEU,PPM,496,0.2
2002,Viseu,VISEU,MPT,432,0.2
2005,Aveiro,AVEIRO,PS,159955,41
2005,Aveiro,AVEIRO,PPD/PSD,139109,35.7
2005,Aveiro,AVEIRO,CDS-PP,38001,9.8
2005,Aveiro,AVEIRO,B.E.,19846,5.1
2005,Aveiro,AVEIRO,PCP-PEV,13809,3.5
2005,Aveiro,AVEIRO,PND,3543,0.9
2005,Aveiro,AVEIRO,PCTP/MRPP,2370,0.6
2005,Aveiro,AVEIRO,PH,1092,0.3
2005,Aveiro,AVEIRO,PNR,768,0.2
2005,Beja,BEJA,PS,44556,51
2005,Beja,BEJA,PCP-PEV,21036,24.1
2005,Beja,BEJA,PPD/PSD,10730,12.3
2005,Beja,BEJA,B.E.,4144,4.7
2005,Beja,BEJA,CDS-PP,2562,2.9
2005,Beja,BEJA,PCTP/MRPP,1632,1.9
2005,Beja,BEJA,PND,350,0.4
2005,Beja,BEJA,POUS,212,0.2
2005,Beja,BEJA,PNR,197,0.2
2005,Braga,BRAGA,PS,218665,45.4
2005,Braga,BRAGA,PPD/PSD,158244,32.9
2005,Braga,BRAGA,CDS-PP,37618,7.8
2005,Braga,BRAGA,PCP-PEV,22988,4.8
2005,Braga,BRAGA,B.E.,22179,4.6
2005,Braga,BRAGA,PND,4422,0.9
2005,Braga,BRAGA,PCTP/MRPP,3688,0.8
2005,Braga,BRAGA,PH,1317,0.3
2005,Braga,BRAGA,POUS,865,0.2
2005,Braga,BRAGA,PNR,720,0.2
2005,Bragança,BRAGANÃ‡A,PS,34699,42.1
2005,Bragança,BRAGANÃ‡A,PPD/PSD,32129,39
2005,Bragança,BRAGANÃ‡A,CDS-PP,7964,9.7
2005,Bragança,BRAGANÃ‡A,B.E.,2044,2.5
2005,Bragança,BRAGANÃ‡A,PCP-PEV,1679,2
2005,Bragança,BRAGANÃ‡A,PND,623,0.8
2005,Bragança,BRAGANÃ‡A,PCTP/MRPP,456,0.6
2005,Bragança,BRAGANÃ‡A,PH,264,0.3
2005,Bragança,BRAGANÃ‡A,PNR,257,0.3
2005,Castelo Branco,CASTELO BRANCO,PS,69795,56
2005,Castelo Branco,CASTELO BRANCO,PPD/PSD,33240,26.7
2005,Castelo Branco,CASTELO BRANCO,CDS-PP,6590,5.3
2005,Castelo Branco,CASTELO BRANCO,PCP-PEV,4678,3.8
2005,Castelo Branco,CASTELO BRANCO,B.E.,4660,3.7
2005,Castelo Branco,CASTELO BRANCO,PCTP/MRPP,947,0.8
2005,Castelo Branco,CASTELO BRANCO,PND,619,0.5
2005,Castelo Branco,CASTELO BRANCO,PH,326,0.3
2005,Castelo Branco,CASTELO BRANCO,PNR,263,0.2
2005,Coimbra,COIMBRA,PS,111042,45.4
2005,Coimbra,COIMBRA,PPD/PSD,78062,31.9
2005,Coimbra,COIMBRA,B.E.,15444,6.3
2005,Coimbra,COIMBRA,PCP-PEV,13463,5.5
2005,Coimbra,COIMBRA,CDS-PP,13365,5.5
2005,Coimbra,COIMBRA,PCTP/MRPP,1551,0.6
2005,Coimbra,COIMBRA,PND,1285,0.5
2005,Coimbra,COIMBRA,PH,664,0.3
2005,Coimbra,COIMBRA,POUS,360,0.2
2005,Coimbra,COIMBRA,PNR,341,0.1
2005,Évora,Ã‰VORA,PS,48082,49.7
2005,Évora,Ã‰VORA,PCP-PEV,20246,20.9
2005,Évora,Ã‰VORA,PPD/PSD,16141,16.7
2005,Évora,Ã‰VORA,B.E.,4463,4.6
2005,Évora,Ã‰VORA,CDS-PP,3594,3.7
2005,Évora,Ã‰VORA,PCTP/MRPP,1309,1.4
2005,Évora,Ã‰VORA,PND,398,0.4
2005,Évora,Ã‰VORA,PH,191,0.2
2005,Évora,Ã‰VORA,PNR,124,0.1
2005,Évora,Ã‰VORA,POUS,104,0.1
2005,Faro,FARO,PS,98570,49.3
2005,Faro,FARO,PPD/PSD,49101,24.6
2005,Faro,FARO,B.E.,15316,7.7
2005,Faro,FARO,PCP-PEV,13835,6.9
2005,Faro,FARO,CDS-PP,11537,5.8
2005,Faro,FARO,PCTP/MRPP,1720,0.9
2005,Faro,FARO,PND,1567,0.8
2005,Faro,FARO,PH,947,0.5
2005,Faro,FARO,PNR,503,0.3
2005,Guarda,GUARDA,PS,47290,46.8
2005,Guarda,GUARDA,PPD/PSD,35092,34.7
2005,Guarda,GUARDA,CDS-PP,7035,7
2005,Guarda,GUARDA,B.E.,3452,3.4
2005,Guarda,GUARDA,PCP-PEV,2969,2.9
2005,Guarda,GUARDA,PCTP/MRPP,673,0.7
2005,Guarda,GUARDA,PND,661,0.6
2005,Guarda,GUARDA,PH,372,0.4
2005,Guarda,GUARDA,PNR,337,0.3
2005,Leiria,LEIRIA,PPD/PSD,99244,39.8
2005,Leiria,LEIRIA,PS,88623,35.6
2005,Leiria,LEIRIA,CDS-PP,22043,8.9
2005,Leiria,LEIRIA,B.E.,13788,5.5
2005,Leiria,LEIRIA,PCP-PEV,11423,4.6
2005,Leiria,LEIRIA,PND,1867,0.8
2005,Leiria,LEIRIA,PCTP/MRPP,1485,0.6
2005,Leiria,LEIRIA,PH,747,0.3
2005,Leiria,LEIRIA,POUS,574,0.2
2005,Leiria,LEIRIA,PNR,465,0.2
2005,Lisboa,LISBOA,PS,523537,44.1
2005,Lisboa,LISBOA,PPD/PSD,280697,23.6
2005,Lisboa,LISBOA,PCP-PEV,115709,9.8
2005,Lisboa,LISBOA,B.E.,103944,8.8
2005,Lisboa,LISBOA,CDS-PP,97659,8.2
2005,Lisboa,LISBOA,PCTP/MRPP,10985,0.9
2005,Lisboa,LISBOA,PND,7203,0.6
2005,Lisboa,LISBOA,PH,3583,0.3
2005,Lisboa,LISBOA,PNR,2721,0.2
2005,Lisboa,LISBOA,POUS,1424,0.1
2005,Lisboa,LISBOA,PDA,1137,0.1
2005,Madeira,MADEIRA,PPD/PSD,63523,45.2
2005,Madeira,MADEIRA,PS,49122,35
2005,Madeira,MADEIRA,CDS-PP,9215,6.6
2005,Madeira,MADEIRA,B.E.,5265,3.8
2005,Madeira,MADEIRA,PCP-PEV,4991,3.5
2005,Madeira,MADEIRA,PND,1880,1.3
2005,Madeira,MADEIRA,PCTP/MRPP,1624,1.2
2005,Madeira,MADEIRA,PH,903,0.6
2005,Portalegre,PORTALEGRE,PS,38739,54.9
2005,Portalegre,PORTALEGRE,PPD/PSD,14290,20.2
2005,Portalegre,PORTALEGRE,PCP-PEV,8546,12.1
2005,Portalegre,PORTALEGRE,B.E.,3216,4.6
2005,Portalegre,PORTALEGRE,CDS-PP,2988,4.2
2005,Portalegre,PORTALEGRE,PCTP/MRPP,618,0.9
2005,Portalegre,PORTALEGRE,PND,239,0.3
2005,Portalegre,PORTALEGRE,PH,203,0.3
2005,Portalegre,PORTALEGRE,PNR,126,0.2
2005,Porto,PORTO,PS,485975,48.5
2005,Porto,PORTO,PPD/PSD,278381,27.8
2005,Porto,PORTO,CDS-PP,68824,6.9
2005,Porto,PORTO,B.E.,66912,6.7
2005,Porto,PORTO,PCP-PEV,54282,5.4
2005,Porto,PORTO,PCTP/MRPP,8241,0.8
2005,Porto,PORTO,PND,7675,0.8
2005,Porto,PORTO,PH,2436,0.2
2005,Porto,PORTO,POUS,1034,0.1
2005,Portugal,PORTUGAL,PS,2588312,45
2005,Portugal,PORTUGAL,PPD/PSD,1653425,28.8
2005,Portugal,PORTUGAL,PCP-PEV,433369,7.5
2005,Portugal,PORTUGAL,CDS-PP,416415,7.2
2005,Portugal,PORTUGAL,B.E.,364971,6.3
2005,Portugal,PORTUGAL,PCTP/MRPP,48186,0.8
2005,Portugal,PORTUGAL,PND,40358,0.7
2005,Portugal,PORTUGAL,PH,17056,0.3
2005,Portugal,PORTUGAL,PNR,9374,0.2
2005,Portugal,PORTUGAL,POUS,5535,0.1
2005,Portugal,PORTUGAL,PDA,1618,0
2005,Santarém,SANTARÃ‰M,PS,117193,46.1
2005,Santarém,SANTARÃ‰M,PPD/PSD,67021,26.4
2005,Santarém,SANTARÃ‰M,PCP-PEV,21879,8.6
2005,Santarém,SANTARÃ‰M,CDS-PP,17607,6.9
2005,Santarém,SANTARÃ‰M,B.E.,16590,6.5
2005,Santarém,SANTARÃ‰M,PCTP/MRPP,2328,0.9
2005,Santarém,SANTARÃ‰M,PND,1678,0.7
2005,Santarém,SANTARÃ‰M,PH,770,0.3
2005,Santarém,SANTARÃ‰M,PNR,511,0.2
2005,Santarém,SANTARÃ‰M,POUS,391,0.2
2005,Setúbal,SETÃšBAL,PS,186365,43.6
2005,Setúbal,SETÃšBAL,PCP-PEV,85452,20
2005,Setúbal,SETÃšBAL,PPD/PSD,68695,16.1
2005,Setúbal,SETÃšBAL,B.E.,43862,10.3
2005,Setúbal,SETÃšBAL,CDS-PP,21683,5.1
2005,Setúbal,SETÃšBAL,PCTP/MRPP,5356,1.3
2005,Setúbal,SETÃšBAL,PND,2109,0.5
2005,Setúbal,SETÃšBAL,PH,1152,0.3
2005,Setúbal,SETÃšBAL,PNR,906,0.2
2005,Setúbal,SETÃšBAL,POUS,571,0.1
2005,Viana Do Castelo,VIANA DO CASTELO,PS,59676,42
2005,Viana Do Castelo,VIANA DO CASTELO,PPD/PSD,47645,33.5
2005,Viana Do Castelo,VIANA DO CASTELO,CDS-PP,16205,11.4
2005,Viana Do Castelo,VIANA DO CASTELO,B.E.,6415,4.5
2005,Viana Do Castelo,VIANA DO CASTELO,PCP-PEV,5362,3.8
2005,Viana Do Castelo,VIANA DO CASTELO,PND,1159,0.8
2005,Viana Do Castelo,VIANA DO CASTELO,PCTP/MRPP,1002,0.7
2005,Viana Do Castelo,VIANA DO CASTELO,PH,586,0.4
2005,Viana Do Castelo,VIANA DO CASTELO,PNR,263,0.2
2005,Vila Real,VILA REAL,PS,55123,43.8
2005,Vila Real,VILA REAL,PPD/PSD,50545,40.2
2005,Vila Real,VILA REAL,CDS-PP,8509,6.8
2005,Vila Real,VILA REAL,PCP-PEV,3275,2.6
2005,Vila Real,VILA REAL,B.E.,3019,2.4
2005,Vila Real,VILA REAL,PND,631,0.5
2005,Vila Real,VILA REAL,PCTP/MRPP,562,0.4
2005,Vila Real,VILA REAL,PH,507,0.4
2005,Vila Real,VILA REAL,PNR,207,0.2
2005,Vila Real,VILA REAL,PDA,164,0.1
2005,Viseu,VISEU,PS,86497,40.4
2005,Viseu,VISEU,PPD/PSD,86002,40.2
2005,Viseu,VISEU,CDS-PP,18477,8.6
2005,Viseu,VISEU,B.E.,7149,3.3
2005,Viseu,VISEU,PCP-PEV,4792,2.2
2005,Viseu,VISEU,PND,1537,0.7
2005,Viseu,VISEU,PCTP/MRPP,1038,0.5
2005,Viseu,VISEU,PH,996,0.5
2005,Viseu,VISEU,PNR,434,0.2
2009,Aveiro,AVEIRO,PPD/PSD,134842,34.6
2009,Aveiro,AVEIRO,PS,131693,33.8
2009,Aveiro,AVEIRO,CDS-PP,50663,13
2009,Aveiro,AVEIRO,B.E.,34975,9
2009,Aveiro,AVEIRO,PCP-PEV,14985,3.8
2009,Aveiro,AVEIRO,PCTP/MRPP,2960,0.8
2009,Aveiro,AVEIRO,MMS,2520,0.7
2009,Aveiro,AVEIRO,MEP,1501,0.4
2009,Aveiro,AVEIRO,PPM,1004,0.3
2009,Aveiro,AVEIRO,PND,1030,0.3
2009,Aveiro,AVEIRO,PPV,759,0.2
2009,Aveiro,AVEIRO,P.N.R.,680,0.2
2009,Aveiro,AVEIRO,MPT-P.H.,645,0.2
2009,Beja,BEJA,PS,28418,34.9
2009,Beja,BEJA,PCP-PEV,23665,29.1
2009,Beja,BEJA,PPD/PSD,11889,14.6
2009,Beja,BEJA,B.E.,8142,10
2009,Beja,BEJA,CDS-PP,4655,5.7
2009,Beja,BEJA,PCTP/MRPP,1278,1.6
2009,Beja,BEJA,MPT-P.H.,254,0.3
2009,Beja,BEJA,MEP,241,0.3
2009,Beja,BEJA,PPM,178,0.2
2009,Beja,BEJA,MMS,169,0.2
2009,Beja,BEJA,P.N.R.,138,0.2
2009,Beja,BEJA,PPV,124,0.2
2009,Beja,BEJA,POUS,117,0.1
2009,Braga,BRAGA,PS,207518,41.7
2009,Braga,BRAGA,PPD/PSD,153178,30.8
2009,Braga,BRAGA,CDS-PP,48102,9.7
2009,Braga,BRAGA,B.E.,38884,7.8
2009,Braga,BRAGA,PCP-PEV,23075,4.6
2009,Braga,BRAGA,PND,3819,0.8
2009,Braga,BRAGA,PCTP/MRPP,3825,0.8
2009,Braga,BRAGA,PPM,1518,0.3
2009,Braga,BRAGA,MEP,1531,0.3
2009,Braga,BRAGA,MPT-P.H.,1204,0.2
2009,Braga,BRAGA,MMS,955,0.2
2009,Braga,BRAGA,P.N.R.,841,0.2
2009,Braga,BRAGA,PPV,798,0.2
2009,Braga,BRAGA,POUS,395,0.1
2009,Bragança,BRAGANÃ‡A,PPD/PSD,34084,40.6
2009,Bragança,BRAGANÃ‡A,PS,27654,33
2009,Bragança,BRAGANÃ‡A,CDS-PP,10541,12.6
2009,Bragança,BRAGANÃ‡A,B.E.,5180,6.2
2009,Bragança,BRAGANÃ‡A,PCP-PEV,2020,2.4
2009,Bragança,BRAGANÃ‡A,PCTP/MRPP,529,0.6
2009,Bragança,BRAGANÃ‡A,MEP,322,0.4
2009,Bragança,BRAGANÃ‡A,PND,302,0.4
2009,Bragança,BRAGANÃ‡A,MMS,193,0.2
2009,Bragança,BRAGANÃ‡A,PPM,188,0.2
2009,Bragança,BRAGANÃ‡A,MPT-P.H.,158,0.2
2009,Bragança,BRAGANÃ‡A,P.N.R.,132,0.2
2009,Bragança,BRAGANÃ‡A,PPV,100,0.1
2009,Castelo Branco,CASTELO BRANCO,PS,48105,41
2009,Castelo Branco,CASTELO BRANCO,PPD/PSD,34925,29.8
2009,Castelo Branco,CASTELO BRANCO,B.E.,10632,9.1
2009,Castelo Branco,CASTELO BRANCO,CDS-PP,9843,8.4
2009,Castelo Branco,CASTELO BRANCO,PCP-PEV,5937,5.1
2009,Castelo Branco,CASTELO BRANCO,PCTP/MRPP,1130,1
2009,Castelo Branco,CASTELO BRANCO,MMS,508,0.4
2009,Castelo Branco,CASTELO BRANCO,PTP,402,0.3
2009,Castelo Branco,CASTELO BRANCO,PPM,394,0.3
2009,Castelo Branco,CASTELO BRANCO,MPT-P.H.,352,0.3
2009,Castelo Branco,CASTELO BRANCO,MEP,348,0.3
2009,Castelo Branco,CASTELO BRANCO,P.N.R.,263,0.2
2009,Castelo Branco,CASTELO BRANCO,PPV,250,0.2
2009,Coimbra,COIMBRA,PS,89855,38
2009,Coimbra,COIMBRA,PPD/PSD,72461,30.6
2009,Coimbra,COIMBRA,B.E.,25514,10.8
2009,Coimbra,COIMBRA,CDS-PP,20706,8.8
2009,Coimbra,COIMBRA,PCP-PEV,13538,5.7
2009,Coimbra,COIMBRA,PCTP/MRPP,2504,1.1
2009,Coimbra,COIMBRA,MEP,1077,0.5
2009,Coimbra,COIMBRA,PPM,691,0.3
2009,Coimbra,COIMBRA,PTP,542,0.2
2009,Coimbra,COIMBRA,MMS,463,0.2
2009,Coimbra,COIMBRA,MPT-P.H.,450,0.2
2009,Coimbra,COIMBRA,P.N.R.,446,0.2
2009,Coimbra,COIMBRA,POUS,241,0.1
2009,Évora,Ã‰VORA,PS,32024,35
2009,Évora,Ã‰VORA,PCP-PEV,20411,22.3
2009,Évora,Ã‰VORA,PPD/PSD,17362,19
2009,Évora,Ã‰VORA,B.E.,10168,11.1
2009,Évora,Ã‰VORA,CDS-PP,5837,6.4
2009,Évora,Ã‰VORA,PCTP/MRPP,1908,2.1
2009,Évora,Ã‰VORA,MEP,366,0.4
2009,Évora,Ã‰VORA,PPM,294,0.3
2009,Évora,Ã‰VORA,MMS,182,0.2
2009,Évora,Ã‰VORA,P.N.R.,152,0.2
2009,Évora,Ã‰VORA,MPT-P.H.,156,0.2
2009,Évora,Ã‰VORA,PND,150,0.2
2009,Faro,FARO,PS,64205,31.9
2009,Faro,FARO,PPD/PSD,52728,26.2
2009,Faro,FARO,B.E.,30888,15.3
2009,Faro,FARO,CDS-PP,21611,10.7
2009,Faro,FARO,PCP-PEV,15672,7.8
2009,Faro,FARO,PCTP/MRPP,2802,1.4
2009,Faro,FARO,PPM,949,0.5
2009,Faro,FARO,MEP,943,0.5
2009,Faro,FARO,PND,874,0.4
2009,Faro,FARO,P.N.R.,872,0.4
2009,Faro,FARO,PPV,841,0.4
2009,Faro,FARO,MPT-P.H.,772,0.4
2009,Faro,FARO,MMS,584,0.3
2009,Faro,FARO,POUS,419,0.2
2009,Guarda,GUARDA,PS,36839,36
2009,Guarda,GUARDA,PPD/PSD,36428,35.6
2009,Guarda,GUARDA,CDS-PP,11426,11.2
2009,Guarda,GUARDA,B.E.,7730,7.6
2009,Guarda,GUARDA,PCP-PEV,3344,3.3
2009,Guarda,GUARDA,PCTP/MRPP,1114,1.1
2009,Guarda,GUARDA,PND,518,0.5
2009,Guarda,GUARDA,PPM,339,0.3
2009,Guarda,GUARDA,PTP,330,0.3
2009,Guarda,GUARDA,PPV,299,0.3
2009,Guarda,GUARDA,MEP,291,0.3
2009,Guarda,GUARDA,MPT-P.H.,287,0.3
2009,Guarda,GUARDA,MMS,197,0.2
2009,Leiria,LEIRIA,PPD/PSD,86195,34.9
2009,Leiria,LEIRIA,PS,74294,30.1
2009,Leiria,LEIRIA,CDS-PP,30980,12.6
2009,Leiria,LEIRIA,B.E.,23418,9.5
2009,Leiria,LEIRIA,PCP-PEV,12643,5.1
2009,Leiria,LEIRIA,PCTP/MRPP,1941,0.8
2009,Leiria,LEIRIA,MEP,1194,0.5
2009,Leiria,LEIRIA,MMS,908,0.4
2009,Leiria,LEIRIA,PPM,893,0.4
2009,Leiria,LEIRIA,PND,749,0.3
2009,Leiria,LEIRIA,POUS,667,0.3
2009,Leiria,LEIRIA,PPV,632,0.3
2009,Leiria,LEIRIA,MPT-P.H.,636,0.3
2009,Leiria,LEIRIA,PTP,516,0.2
2009,Leiria,LEIRIA,P.N.R.,437,0.2
2009,Lisboa,LISBOA,PS,417561,36.4
2009,Lisboa,LISBOA,PPD/PSD,288343,25.1
2009,Lisboa,LISBOA,CDS-PP,126154,11
2009,Lisboa,LISBOA,B.E.,124251,10.8
2009,Lisboa,LISBOA,PCP-PEV,113564,9.9
2009,Lisboa,LISBOA,PCTP/MRPP,10012,0.9
2009,Lisboa,LISBOA,MEP,9403,0.8
2009,Lisboa,LISBOA,MMS,4634,0.4
2009,Lisboa,LISBOA,P.N.R.,4367,0.4
2009,Lisboa,LISBOA,PND,4197,0.4
2009,Lisboa,LISBOA,PPM,3193,0.3
2009,Lisboa,LISBOA,MPT-P.H.,3093,0.3
2009,Lisboa,LISBOA,PTP,1874,0.2
2009,Lisboa,LISBOA,POUS,844,0.1
2009,Madeira,MADEIRA,PPD/PSD,66190,48.1
2009,Madeira,MADEIRA,PS,26735,19.4
2009,Madeira,MADEIRA,CDS-PP,15300,11.1
2009,Madeira,MADEIRA,B.E.,8486,6.2
2009,Madeira,MADEIRA,PCP-PEV,5796,4.2
2009,Madeira,MADEIRA,PND,4761,3.5
2009,Madeira,MADEIRA,MPT,2885,2.1
2009,Madeira,MADEIRA,PCTP/MRPP,1459,1.1
2009,Madeira,MADEIRA,PPM,726,0.5
2009,Madeira,MADEIRA,MEP,576,0.4
2009,Madeira,MADEIRA,P.N.R.,482,0.4
2009,Madeira,MADEIRA,MMS,336,0.2
2009,Portalegre,PORTALEGRE,PS,25317,38.3
2009,Portalegre,PORTALEGRE,PPD/PSD,15763,23.8
2009,Portalegre,PORTALEGRE,PCP-PEV,8510,12.9
2009,Portalegre,PORTALEGRE,B.E.,7109,10.8
2009,Portalegre,PORTALEGRE,CDS-PP,5286,8
2009,Portalegre,PORTALEGRE,PCTP/MRPP,1316,2
2009,Portalegre,PORTALEGRE,PPM,174,0.3
2009,Portalegre,PORTALEGRE,P.N.R.,151,0.2
2009,Portalegre,PORTALEGRE,MEP,151,0.2
2009,Portalegre,PORTALEGRE,MMS,151,0.2
2009,Portalegre,PORTALEGRE,MPT-P.H.,147,0.2
2009,Portalegre,PORTALEGRE,PPV,134,0.2
2009,Portalegre,PORTALEGRE,POUS,78,0.1
2009,Porto,PORTO,PS,422558,41.8
2009,Porto,PORTO,PPD/PSD,294398,29.2
2009,Porto,PORTO,CDS-PP,93856,9.3
2009,Porto,PORTO,B.E.,92962,9.2
2009,Porto,PORTO,PCP-PEV,57597,5.7
2009,Porto,PORTO,PCTP/MRPP,6991,0.7
2009,Porto,PORTO,MEP,3557,0.4
2009,Porto,PORTO,MMS,2224,0.2
2009,Porto,PORTO,PPV,2152,0.2
2009,Porto,PORTO,PND,1795,0.2
2009,Porto,PORTO,MPT-P.H.,1758,0.2
2009,Porto,PORTO,PPM,1593,0.2
2009,Porto,PORTO,P.N.R.,1371,0.1
2009,Porto,PORTO,POUS,1353,0.1
2009,Portugal,PORTUGAL,PS,2077238,36.6
2009,Portugal,PORTUGAL,PPD/PSD,1653665,29.1
2009,Portugal,PORTUGAL,CDS-PP,592778,10.4
2009,Portugal,PORTUGAL,B.E.,557306,9.8
2009,Portugal,PORTUGAL,PCP-PEV,446279,7.9
2009,Portugal,PORTUGAL,PCTP/MRPP,52761,0.9
2009,Portugal,PORTUGAL,MEP,25949,0.5
2009,Portugal,PORTUGAL,PND,21876,0.4
2009,Portugal,PORTUGAL,MMS,16924,0.3
2009,Portugal,PORTUGAL,PPM,15262,0.3
2009,Portugal,PORTUGAL,MPT-P.H.,12405,0.2
2009,Portugal,PORTUGAL,P.N.R.,11503,0.2
2009,Portugal,PORTUGAL,PPV,8461,0.2
2009,Portugal,PORTUGAL,PTP,4974,0.1
2009,Portugal,PORTUGAL,POUS,4632,0.1
2009,Portugal,PORTUGAL,MPT,3265,0.1
2009,Santarém,SANTARÃ‰M,PS,83135,33.7
2009,Santarém,SANTARÃ‰M,PPD/PSD,66520,27
2009,Santarém,SANTARÃ‰M,B.E.,29196,11.8
2009,Santarém,SANTARÃ‰M,CDS-PP,27662,11.2
2009,Santarém,SANTARÃ‰M,PCP-PEV,22722,9.2
2009,Santarém,SANTARÃ‰M,PCTP/MRPP,3400,1.4
2009,Santarém,SANTARÃ‰M,MEP,1080,0.4
2009,Santarém,SANTARÃ‰M,PTP,710,0.3
2009,Santarém,SANTARÃ‰M,PPM,643,0.3
2009,Santarém,SANTARÃ‰M,MMS,643,0.3
2009,Santarém,SANTARÃ‰M,P.N.R.,588,0.2
2009,Santarém,SANTARÃ‰M,PND,586,0.2
2009,Santarém,SANTARÃ‰M,PPV,545,0.2
2009,Santarém,SANTARÃ‰M,MPT-P.H.,481,0.2
2009,Santarém,SANTARÃ‰M,POUS,205,0.1
2009,Setúbal,SETÃšBAL,PS,142727,34
2009,Setúbal,SETÃšBAL,PCP-PEV,84183,20.1
2009,Setúbal,SETÃšBAL,PPD/PSD,68731,16.4
2009,Setúbal,SETÃšBAL,B.E.,58833,14
2009,Setúbal,SETÃšBAL,CDS-PP,38358,9.1
2009,Setúbal,SETÃšBAL,PCTP/MRPP,5574,1.3
2009,Setúbal,SETÃšBAL,MEP,1710,0.4
2009,Setúbal,SETÃšBAL,PPM,1238,0.3
2009,Setúbal,SETÃšBAL,MMS,1158,0.3
2009,Setúbal,SETÃšBAL,PND,1089,0.3
2009,Setúbal,SETÃšBAL,MPT-P.H.,917,0.2
2009,Setúbal,SETÃšBAL,PPV,730,0.2
2009,Setúbal,SETÃšBAL,PTP,600,0.1
2009,Setúbal,SETÃšBAL,POUS,313,0.1
2009,Viana Do Castelo,VIANA DO CASTELO,PS,51306,36.3
2009,Viana Do Castelo,VIANA DO CASTELO,PPD/PSD,44327,31.3
2009,Viana Do Castelo,VIANA DO CASTELO,CDS-PP,19243,13.6
2009,Viana Do Castelo,VIANA DO CASTELO,B.E.,12099,8.6
2009,Viana Do Castelo,VIANA DO CASTELO,PCP-PEV,5934,4.2
2009,Viana Do Castelo,VIANA DO CASTELO,PND,1398,1
2009,Viana Do Castelo,VIANA DO CASTELO,PCTP/MRPP,1192,0.8
2009,Viana Do Castelo,VIANA DO CASTELO,PPM,513,0.4
2009,Viana Do Castelo,VIANA DO CASTELO,MEP,399,0.3
2009,Viana Do Castelo,VIANA DO CASTELO,PPV,372,0.3
2009,Viana Do Castelo,VIANA DO CASTELO,MMS,257,0.2
2009,Viana Do Castelo,VIANA DO CASTELO,MPT-P.H.,247,0.2
2009,Viana Do Castelo,VIANA DO CASTELO,P.N.R.,194,0.1
2009,Vila Real,VILA REAL,PPD/PSD,51820,41.1
2009,Vila Real,VILA REAL,PS,45531,36.1
2009,Vila Real,VILA REAL,CDS-PP,12728,10.1
2009,Vila Real,VILA REAL,B.E.,6929,5.5
2009,Vila Real,VILA REAL,PCP-PEV,3620,2.9
2009,Vila Real,VILA REAL,PCTP/MRPP,764,0.6
2009,Vila Real,VILA REAL,MEP,358,0.3
2009,Vila Real,VILA REAL,PPM,330,0.3
2009,Vila Real,VILA REAL,MMS,275,0.2
2009,Vila Real,VILA REAL,MPT-P.H.,258,0.2
2009,Vila Real,VILA REAL,PPV,184,0.2
2009,Viseu,VISEU,PPD/PSD,80706,37.5
2009,Viseu,VISEU,PS,74754,34.7
2009,Viseu,VISEU,CDS-PP,28925,13.4
2009,Viseu,VISEU,B.E.,13971,6.5
2009,Viseu,VISEU,PCP-PEV,6146,2.9
2009,Viseu,VISEU,PCTP/MRPP,1300,0.6
2009,Viseu,VISEU,PND,512,0.2
2009,Viseu,VISEU,MEP,502,0.2
2009,Viseu,VISEU,MMS,382,0.2
2009,Viseu,VISEU,P.N.R.,375,0.2
2009,Viseu,VISEU,PPV,350,0.2
2009,Viseu,VISEU,MPT-P.H.,305,0.1
2011,Angra Do Heroísmo,ANGRA DO HEROÍSMO,PPD/PSD,42622,47.2
2011,Angra Do Heroísmo,ANGRA DO HEROÍSMO,PS,23189,25.7
2011,Angra Do Heroísmo,ANGRA DO HEROÍSMO,CDS-PP,10896,12.1
2011,Angra Do Heroísmo,ANGRA DO HEROÍSMO,B.E.,3965,4.4
2011,Angra Do Heroísmo,ANGRA DO HEROÍSMO,PCP-PEV,2288,2.5
2011,Angra Do Heroísmo,ANGRA DO HEROÍSMO,PAN,756,0.8
2011,Angra Do Heroísmo,ANGRA DO HEROÍSMO,PCTP/MRPP,669,0.7
2011,Angra Do Heroísmo,ANGRA DO HEROÍSMO,PDA,389,0.4
2011,Angra Do Heroísmo,ANGRA DO HEROÍSMO,MPT,314,0.4
2011,Angra Do Heroísmo,ANGRA DO HEROÍSMO,PTP,293,0.3
2011,Angra Do Heroísmo,ANGRA DO HEROÍSMO,PPM,271,0.3
2011,Angra Do Heroísmo,ANGRA DO HEROÍSMO,MEP,257,0.3
2011,Angra Do Heroísmo,ANGRA DO HEROÍSMO,PNR,219,0.2
2011,Angra Do Heroísmo,ANGRA DO HEROÍSMO,PND,0,0
2011,Angra Do Heroísmo,ANGRA DO HEROÍSMO,P.H.,0,0
2011,Angra Do Heroísmo,ANGRA DO HEROÍSMO,POUS,0,0
2011,Angra Do Heroísmo,ANGRA DO HEROÍSMO,PPV,0,0
2011,Aveiro,AVEIRO,PPD/PSD,170869,44.5
2011,Aveiro,AVEIRO,PS,99652,25.9
2011,Aveiro,AVEIRO,CDS-PP,49539,12.9
2011,Aveiro,AVEIRO,B.E.,19327,5
2011,Aveiro,AVEIRO,PCP-PEV,15729,4.1
2011,Aveiro,AVEIRO,PCTP/MRPP,3284,0.9
2011,Aveiro,AVEIRO,PAN,3040,0.8
2011,Aveiro,AVEIRO,PNR,1354,0.4
2011,Aveiro,AVEIRO,MEP,1318,0.3
2011,Aveiro,AVEIRO,MPT,1297,0.3
2011,Aveiro,AVEIRO,PPM,1046,0.3
2011,Aveiro,AVEIRO,PTP,993,0.3
2011,Aveiro,AVEIRO,PPV,720,0.2
2011,Aveiro,AVEIRO,PDA,408,0.1
2011,Aveiro,AVEIRO,P.H.,0,0
2011,Aveiro,AVEIRO,PND,0,0
2011,Beja,BEJA,PS,22307,29.8
2011,Beja,BEJA,PCP-PEV,19000,25.4
2011,Beja,BEJA,PPD/PSD,17710,23.7
2011,Beja,BEJA,CDS-PP,5463,7.3
2011,Beja,BEJA,B.E.,3890,5.2
2011,Beja,BEJA,PCTP/MRPP,1980,2.6
2011,Beja,BEJA,PAN,532,0.7
2011,Beja,BEJA,PNR,306,0.4
2011,Beja,BEJA,MPT,255,0.3
2011,Beja,BEJA,PPM,232,0.3
2011,Beja,BEJA,PTP,201,0.3
2011,Beja,BEJA,MEP,191,0.3
2011,Beja,BEJA,P.H.,93,0.1
2011,Beja,BEJA,POUS,0,0
2011,Beja,BEJA,PND,0,0
2011,Beja,BEJA,PDA,0,0
2011,Beja,BEJA,PPV,0,0
2011,Braga,BRAGA,PPD/PSD,194550,40.1
2011,Braga,BRAGA,PS,159476,32.9
2011,Braga,BRAGA,CDS-PP,50421,10.4
2011,Braga,BRAGA,PCP-PEV,23731,4.9
2011,Braga,BRAGA,B.E.,20488,4.2
2011,Braga,BRAGA,PCTP/MRPP,4264,0.9
2011,Braga,BRAGA,PAN,2710,0.6
2011,Braga,BRAGA,PND,2328,0.5
2011,Braga,BRAGA,MPT,1959,0.4
2011,Braga,BRAGA,MEP,1630,0.3
2011,Braga,BRAGA,PTP,1465,0.3
2011,Braga,BRAGA,PPM,1114,0.2
2011,Braga,BRAGA,PNR,1094,0.2
2011,Braga,BRAGA,PPV,783,0.2
2011,Braga,BRAGA,POUS,693,0.1
2011,Braga,BRAGA,PDA,593,0.1
2011,Braga,BRAGA,P.H.,0,0
2011,Bragança,BRAGANÃ‡A,PPD/PSD,39338,52.1
2011,Bragança,BRAGANÃ‡A,PS,19728,26.1
2011,Bragança,BRAGANÃ‡A,CDS-PP,8378,11.1
2011,Bragança,BRAGANÃ‡A,PCP-PEV,1956,2.6
2011,Bragança,BRAGANÃ‡A,B.E.,1732,2.3
2011,Bragança,BRAGANÃ‡A,PCTP/MRPP,417,0.6
2011,Bragança,BRAGANÃ‡A,P.H.,304,0.4
2011,Bragança,BRAGANÃ‡A,MPT,282,0.4
2011,Bragança,BRAGANÃ‡A,PPM,247,0.3
2011,Bragança,BRAGANÃ‡A,MEP,224,0.3
2011,Bragança,BRAGANÃ‡A,PTP,175,0.2
2011,Bragança,BRAGANÃ‡A,PNR,165,0.2
2011,Bragança,BRAGANÃ‡A,PDA,146,0.2
2011,Bragança,BRAGANÃ‡A,PND,0,0
2011,Bragança,BRAGANÃ‡A,POUS,0,0
2011,Bragança,BRAGANÃ‡A,PPV,0,0
2011,Bragança,BRAGANÃ‡A,PAN,0,0
2011,Castelo Branco,CASTELO BRANCO,PPD/PSD,41754,37.9
2011,Castelo Branco,CASTELO BRANCO,PS,38317,34.8
2011,Castelo Branco,CASTELO BRANCO,CDS-PP,10571,9.6
2011,Castelo Branco,CASTELO BRANCO,PCP-PEV,5384,4.9
2011,Castelo Branco,CASTELO BRANCO,B.E.,4609,4.2
2011,Castelo Branco,CASTELO BRANCO,PCTP/MRPP,1454,1.3
2011,Castelo Branco,CASTELO BRANCO,PAN,770,0.7
2011,Castelo Branco,CASTELO BRANCO,PTP,543,0.5
2011,Castelo Branco,CASTELO BRANCO,PNR,428,0.4
2011,Castelo Branco,CASTELO BRANCO,MPT,403,0.4
2011,Castelo Branco,CASTELO BRANCO,MEP,355,0.3
2011,Castelo Branco,CASTELO BRANCO,PPV,219,0.2
2011,Castelo Branco,CASTELO BRANCO,POUS,0,0
2011,Castelo Branco,CASTELO BRANCO,PND,0,0
2011,Castelo Branco,CASTELO BRANCO,P.H.,0,0
2011,Castelo Branco,CASTELO BRANCO,PDA,0,0
2011,Castelo Branco,CASTELO BRANCO,PPM,0,0
2011,Coimbra,COIMBRA,PPD/PSD,91028,40.1
2011,Coimbra,COIMBRA,PS,66199,29.2
2011,Coimbra,COIMBRA,CDS-PP,22391,9.9
2011,Coimbra,COIMBRA,PCP-PEV,14138,6.2
2011,Coimbra,COIMBRA,B.E.,13034,5.8
2011,Coimbra,COIMBRA,PAN,2535,1.1
2011,Coimbra,COIMBRA,PCTP/MRPP,2014,0.9
2011,Coimbra,COIMBRA,MEP,900,0.4
2011,Coimbra,COIMBRA,MPT,662,0.3
2011,Coimbra,COIMBRA,PNR,591,0.3
2011,Coimbra,COIMBRA,PTP,600,0.3
2011,Coimbra,COIMBRA,PPM,557,0.3
2011,Coimbra,COIMBRA,PND,526,0.2
2011,Coimbra,COIMBRA,PPV,336,0.2
2011,Coimbra,COIMBRA,POUS,0,0
2011,Coimbra,COIMBRA,P.H.,0,0
2011,Coimbra,COIMBRA,PDA,0,0
2011,Évora,Ã‰VORA,PS,25010,29
2011,Évora,Ã‰VORA,PPD/PSD,23747,27.6
2011,Évora,Ã‰VORA,PCP-PEV,18967,22
2011,Évora,Ã‰VORA,CDS-PP,7513,8.7
2011,Évora,Ã‰VORA,B.E.,4225,4.9
2011,Évora,Ã‰VORA,PCTP/MRPP,1810,2.1
2011,Évora,Ã‰VORA,PAN,649,0.8
2011,Évora,Ã‰VORA,MEP,259,0.3
2011,Évora,Ã‰VORA,MPT,237,0.3
2011,Évora,Ã‰VORA,PTP,216,0.3
2011,Évora,Ã‰VORA,PPM,207,0.2
2011,Évora,Ã‰VORA,PNR,168,0.2
2011,Évora,Ã‰VORA,PPV,153,0.2
2011,Évora,Ã‰VORA,P.H.,91,0.1
2011,Évora,Ã‰VORA,PND,0,0
2011,Évora,Ã‰VORA,PDA,0,0
2011,Évora,Ã‰VORA,POUS,0,0
2011,Faro,FARO,PPD/PSD,74304,37
2011,Faro,FARO,PS,46082,23
2011,Faro,FARO,CDS-PP,25441,12.7
2011,Faro,FARO,PCP-PEV,17255,8.6
2011,Faro,FARO,B.E.,16347,8.2
2011,Faro,FARO,PAN,3285,1.6
2011,Faro,FARO,PCTP/MRPP,3160,1.6
2011,Faro,FARO,MPT,2076,1
2011,Faro,FARO,MEP,1083,0.5
2011,Faro,FARO,PNR,1069,0.5
2011,Faro,FARO,PPM,700,0.4
2011,Faro,FARO,PPV,640,0.3
2011,Faro,FARO,POUS,263,0.1
2011,Faro,FARO,PND,0,0
2011,Faro,FARO,PDA,0,0
2011,Faro,FARO,P.H.,0,0
2011,Faro,FARO,PTP,0,0
2011,Guarda,GUARDA,PPD/PSD,43024,46.3
2011,Guarda,GUARDA,PS,26263,28.3
2011,Guarda,GUARDA,CDS-PP,10426,11.2
2011,Guarda,GUARDA,PCP-PEV,3299,3.6
2011,Guarda,GUARDA,B.E.,3114,3.4
2011,Guarda,GUARDA,PCTP/MRPP,755,0.8
2011,Guarda,GUARDA,PAN,520,0.6
2011,Guarda,GUARDA,PPV,286,0.3
2011,Guarda,GUARDA,MPT,251,0.3
2011,Guarda,GUARDA,MEP,225,0.2
2011,Guarda,GUARDA,PDA,200,0.2
2011,Guarda,GUARDA,PTP,199,0.2
2011,Guarda,GUARDA,PPM,191,0.2
2011,Guarda,GUARDA,PNR,178,0.2
2011,Guarda,GUARDA,POUS,0,0
2011,Guarda,GUARDA,P.H.,0,0
2011,Guarda,GUARDA,PND,0,0
2011,Leiria,LEIRIA,PPD/PSD,116941,47
2011,Leiria,LEIRIA,PS,51518,20.7
2011,Leiria,LEIRIA,CDS-PP,31821,12.8
2011,Leiria,LEIRIA,B.E,13351,5.4
2011,Leiria,LEIRIA,PCP-PEV,12351,5
2011,Leiria,LEIRIA,PAN,3029,1.2
2011,Leiria,LEIRIA,PCTP/MRPP,2502,1
2011,Leiria,LEIRIA,MEP,1084,0.4
2011,Leiria,LEIRIA,MPT,977,0.4
2011,Leiria,LEIRIA,PTP,633,0.3
2011,Leiria,LEIRIA,PNR,595,0.2
2011,Leiria,LEIRIA,PPV,551,0.2
2011,Leiria,LEIRIA,POUS,445,0.2
2011,Leiria,LEIRIA,PPM,453,0.2
2011,Leiria,LEIRIA,PND,0,0
2011,Leiria,LEIRIA,P.H.,0,0
2011,Leiria,LEIRIA,PDA,0,0
2011,Lisboa,LISBOA,PPD/PSD,399124,34.1
2011,Lisboa,LISBOA,PS,322034,27.5
2011,Lisboa,LISBOA,CDS-PP,161241,13.8
2011,Lisboa,LISBOA,PCP-PEV,111661,9.6
2011,Lisboa,LISBOA,B.E.,66874,5.7
2011,Lisboa,LISBOA,PAN,16913,1.5
2011,Lisboa,LISBOA,PCTP/MRPP,14419,1.2
2011,Lisboa,LISBOA,MEP,6208,0.5
2011,Lisboa,LISBOA,PNR,5897,0.5
2011,Lisboa,LISBOA,PPM,4270,0.4
2011,Lisboa,LISBOA,MPT,4135,0.4
2011,Lisboa,LISBOA,PTP,2410,0.2
2011,Lisboa,LISBOA,PPV,1990,0.2
2011,Lisboa,LISBOA,PND,1937,0.2
2011,Lisboa,LISBOA,POUS,1829,0.2
2011,Lisboa,LISBOA,P.H.,1764,0.2
2011,Lisboa,LISBOA,PDA,0,0
2011,Madeira,MADEIRA,PPD/PSD,68620,49.4
2011,Madeira,MADEIRA,PS,20360,14.7
2011,Madeira,MADEIRA,CDS-PP,18977,13.7
2011,Madeira,MADEIRA,B.E.,5568,4
2011,Madeira,MADEIRA,PCP-PEV,5096,3.7
2011,Madeira,MADEIRA,PND,4037,2.9
2011,Madeira,MADEIRA,PTP,2992,2.2
2011,Madeira,MADEIRA,MPT,2560,1.8
2011,Madeira,MADEIRA,PAN,2385,1.7
2011,Madeira,MADEIRA,PCTP/MRPP,1967,1.4
2011,Madeira,MADEIRA,PNR,617,0.4
2011,Madeira,MADEIRA,PPM,538,0.4
2011,Madeira,MADEIRA,MEP,461,0.3
2011,Madeira,MADEIRA,PPV,0,0
2011,Madeira,MADEIRA,PDA,0,0
2011,Madeira,MADEIRA,P.H.,0,0
2011,Madeira,MADEIRA,POUS,0,0
2011,Portalegre,PORTALEGRE,PPD/PSD,19992,32.5
2011,Portalegre,PORTALEGRE,PS,19963,32.4
2011,Portalegre,PORTALEGRE,PCP-PEV,7910,12.8
2011,Portalegre,PORTALEGRE,CDS-PP,6265,10.2
2011,Portalegre,PORTALEGRE,B.E.,2753,4.5
2011,Portalegre,PORTALEGRE,PCTP/MRPP,1031,1.7
2011,Portalegre,PORTALEGRE,PAN,333,0.5
2011,Portalegre,PORTALEGRE,MEP,227,0.4
2011,Portalegre,PORTALEGRE,MPT,176,0.3
2011,Portalegre,PORTALEGRE,PTP,162,0.3
2011,Portalegre,PORTALEGRE,PNR,151,0.3
2011,Portalegre,PORTALEGRE,PPM,135,0.2
2011,Portalegre,PORTALEGRE,P.H.,80,0.1
2011,Portalegre,PORTALEGRE,POUS,80,0.1
2011,Portalegre,PORTALEGRE,PPV,0,0
2011,Portalegre,PORTALEGRE,PDA,0,0
2011,Portalegre,PORTALEGRE,PND,0,0
2011,Porto,PORTO,PPD/PSD,389007,39.2
2011,Porto,PORTO,PS,318113,32
2011,Porto,PORTO,CDS-PP,99395,10
2011,Porto,PORTO,PCP-PEV,61832,6.2
2011,Porto,PORTO,B.E.,51002,5.1
2011,Porto,PORTO,PCTP/MRPP,9640,1
2011,Porto,PORTO,PAN,9072,0.9
2011,Porto,PORTO,PTP,3386,0.3
2011,Porto,PORTO,MEP,2960,0.3
2011,Porto,PORTO,MPT,2413,0.2
2011,Porto,PORTO,PDA,2217,0.2
2011,Porto,PORTO,PND,1550,0.2
2011,Porto,PORTO,PNR,1551,0.2
2011,Porto,PORTO,PPM,1525,0.2
2011,Porto,PORTO,P.H.,1194,0.1
2011,Porto,PORTO,PPV,1098,0.1
2011,Porto,PORTO,POUS,515,0.1
2011,Portugal,PORTUGAL,PPD/PSD,2159181,38.7
2011,Portugal,PORTUGAL,PS,1566347,28.1
2011,Portugal,PORTUGAL,CDS-PP,653888,11.7
2011,Portugal,PORTUGAL,PCP-PEV,441147,7.9
2011,Portugal,PORTUGAL,B.E.,288923,5.2
2011,Portugal,PORTUGAL,PCTP/MRPP,62610,1.1
2011,Portugal,PORTUGAL,PAN,57995,1
2011,Portugal,PORTUGAL,MPT,22705,0.4
2011,Portugal,PORTUGAL,MEP,21942,0.4
2011,Portugal,PORTUGAL,PNR,17548,0.3
2011,Portugal,PORTUGAL,PTP,16895,0.3
2011,Portugal,PORTUGAL,PPM,14687,0.3
2011,Portugal,PORTUGAL,PND,11806,0.2
2011,Portugal,PORTUGAL,PPV,8209,0.2
2011,Portugal,PORTUGAL,PDA,4569,0.1
2011,Portugal,PORTUGAL,POUS,4572,0.1
2011,Portugal,PORTUGAL,P.H.,3588,0.1
2011,Santarém,SANTARÃ‰M,PPD/PSD,88955,37.6
2011,Santarém,SANTARÃ‰M,PS,61194,25.9
2011,Santarém,SANTARÃ‰M,CDS-PP,29073,12.3
2011,Santarém,SANTARÃ‰M,PCP-PEV,21347,9
2011,Santarém,SANTARÃ‰M,B.E.,13712,5.8
2011,Santarém,SANTARÃ‰M,PCTP/MRPP,3413,1.4
2011,Santarém,SANTARÃ‰M,PAN,2220,0.9
2011,Santarém,SANTARÃ‰M,MPT,1454,0.6
2011,Santarém,SANTARÃ‰M,MEP,1151,0.5
2011,Santarém,SANTARÃ‰M,PNR,832,0.4
2011,Santarém,SANTARÃ‰M,PPM,726,0.3
2011,Santarém,SANTARÃ‰M,PTP,692,0.3
2011,Santarém,SANTARÃ‰M,PND,620,0.3
2011,Santarém,SANTARÃ‰M,POUS,439,0.2
2011,Santarém,SANTARÃ‰M,PPV,0,0
2011,Santarém,SANTARÃ‰M,P.H.,0,0
2011,Santarém,SANTARÃ‰M,PDA,0,0
2011,Setúbal,SETÃšBAL,PS,112764,26.9
2011,Setúbal,SETÃšBAL,PPD/PSD,105583,25.2
2011,Setúbal,SETÃšBAL,PCP-PEV,82159,19.6
2011,Setúbal,SETÃšBAL,CDS-PP,50861,12.1
2011,Setúbal,SETÃšBAL,B.E.,29667,7.1
2011,Setúbal,SETÃšBAL,PAN,6282,1.5
2011,Setúbal,SETÃšBAL,PCPT/MRPP,6043,1.4
2011,Setúbal,SETÃšBAL,MEP,1799,0.4
2011,Setúbal,SETÃšBAL,MPT,1682,0.4
2011,Setúbal,SETÃšBAL,PNR,1595,0.4
2011,Setúbal,SETÃšBAL,PPV,1191,0.3
2011,Setúbal,SETÃšBAL,PTP,1133,0.3
2011,Setúbal,SETÃšBAL,PPM,847,0.2
2011,Setúbal,SETÃšBAL,PND,661,0.2
2011,Setúbal,SETÃšBAL,POUS,308,0.1
2011,Setúbal,SETÃšBAL,PDA,0,0
2011,Setúbal,SETÃšBAL,P.H.,0,0
2011,Viana Do Castelo,VIANA DO CASTELO,PPD/PSD,58826,43.6
2011,Viana Do Castelo,VIANA DO CASTELO,PS,35327,26.2
2011,Viana Do Castelo,VIANA DO CASTELO,CDS-PP,18135,13.4
2011,Viana Do Castelo,VIANA DO CASTELO,PCP-PEV,6648,4.9
2011,Viana Do Castelo,VIANA DO CASTELO,B.E.,5928,4.4
2011,Viana Do Castelo,VIANA DO CASTELO,PCTP/MRPP,1473,1.1
2011,Viana Do Castelo,VIANA DO CASTELO,PAN,926,0.7
2011,Viana Do Castelo,VIANA DO CASTELO,MEP,573,0.4
2011,Viana Do Castelo,VIANA DO CASTELO,MPT,384,0.3
2011,Viana Do Castelo,VIANA DO CASTELO,PPM,331,0.3
2011,Viana Do Castelo,VIANA DO CASTELO,PPV,242,0.2
2011,Viana Do Castelo,VIANA DO CASTELO,PNR,213,0.2
2011,Viana Do Castelo,VIANA DO CASTELO,PDA,200,0.2
2011,Viana Do Castelo,VIANA DO CASTELO,P.H.,0,0
2011,Viana Do Castelo,VIANA DO CASTELO,PND,0,0
2011,Viana Do Castelo,VIANA DO CASTELO,PTP,0,0
2011,Viana Do Castelo,VIANA DO CASTELO,POUS,0,0
2011,Vila Real,VILA REAL,PPD/PSD,61455,51.4
2011,Vila Real,VILA REAL,PS,34825,29.1
2011,Vila Real,VILA REAL,CDS-PP,10385,8.7
2011,Vila Real,VILA REAL,PCP-PEV,3656,3.1
2011,Vila Real,VILA REAL,B.E.,2784,2.3
2011,Vila Real,VILA REAL,PCTP/MRPP,675,0.6
2011,Vila Real,VILA REAL,PAN,617,0.5
2011,Vila Real,VILA REAL,PPM,574,0.5
2011,Vila Real,VILA REAL,MPT,304,0.3
2011,Vila Real,VILA REAL,PTP,254,0.2
2011,Vila Real,VILA REAL,MEP,234,0.2
2011,Vila Real,VILA REAL,PNR,147,0.1
2011,Vila Real,VILA REAL,PDA,121,0.1
2011,Vila Real,VILA REAL,P.H.,0,0
2011,Vila Real,VILA REAL,PND,0,0
2011,Vila Real,VILA REAL,POUS,0,0
2011,Vila Real,VILA REAL,PPV,0,0
2011,Viseu,VISEU,PPD/PSD,98097,48.4
2011,Viseu,VISEU,PS,54107,26.7
2011,Viseu,VISEU,CDS-PP,25087,12.4
2011,Viseu,VISEU,PCP-PEV,5810,2.9
2011,Viseu,VISEU,B.E.,5786,2.9
2011,Viseu,VISEU,PCTP/MRPP,1456,0.7
2011,Viseu,VISEU,PAN,1229,0.6
2011,Viseu,VISEU,MPT,696,0.3
2011,Viseu,VISEU,PPM,626,0.3
2011,Viseu,VISEU,MEP,623,0.3
2011,Viseu,VISEU,PTP,465,0.2
2011,Viseu,VISEU,PDA,295,0.2
2011,Viseu,VISEU,PNR,266,0.1
2011,Viseu,VISEU,POUS,0,0
2011,Viseu,VISEU,PND,0,0
2011,Viseu,VISEU,P.H.,0,0
2011,Viseu,VISEU,PPV,0,0
2015,Aveiro,AVEIRO,PPD/PSD.CDS-PP,177321,48.1
2015,Aveiro,AVEIRO,PS,102769,27.9
2015,Aveiro,AVEIRO,B.E.,35347,9.6
2015,Aveiro,AVEIRO,PCP-PEV,16051,4.4
2015,Aveiro,AVEIRO,PDR,4799,1.3
2015,Aveiro,AVEIRO,PAN,3630,1
2015,Aveiro,AVEIRO,PCTP/MRPP,3387,0.9
2015,Aveiro,AVEIRO,PNR,1699,0.5
2015,Aveiro,AVEIRO,L/TDA,1659,0.5
2015,Aveiro,AVEIRO,MPT,1328,0.4
2015,Aveiro,AVEIRO,PPM,1298,0.4
2015,Aveiro,AVEIRO,PTP-MAS,1270,0.3
2015,Aveiro,AVEIRO,NC,1009,0.3
2015,Aveiro,AVEIRO,PPV/CDC,802,0.2
2015,Aveiro,AVEIRO,PUURP,635,0.2
2015,Aveiro,AVEIRO,JPP,448,0.1
2015,Beja,BEJA,PS,27778,37.3
2015,Beja,BEJA,PCP-PEV,18592,25
2015,Beja,BEJA,PPD/PSD.CDS-PP,14980,20.1
2015,Beja,BEJA,B.E.,6105,8.2
2015,Beja,BEJA,PCTP/MRPP,1924,2.6
2015,Beja,BEJA,PAN,598,0.8
2015,Beja,BEJA,PDR,354,0.5
2015,Beja,BEJA,PUURP,348,0.5
2015,Beja,BEJA,L/TDA,272,0.4
2015,Beja,BEJA,PNR,274,0.4
2015,Beja,BEJA,MPT,246,0.3
2015,Beja,BEJA,PPM,190,0.3
2015,Beja,BEJA,PTP-MAS,194,0.3
2015,Beja,BEJA,NC,166,0.2
2015,Beja,BEJA,JPP,87,0.1
2015,Beja,BEJA,PPV/CDC,,0
2015,Braga,BRAGA,PPD/PSD.CDS-PP,216367,45.6
2015,Braga,BRAGA,PS,146418,30.9
2015,Braga,BRAGA,B.E.,41753,8.8
2015,Braga,BRAGA,PCP-PEV,24623,5.2
2015,Braga,BRAGA,PDR,7509,1.6
2015,Braga,BRAGA,PCTP/MRPP,5442,1.2
2015,Braga,BRAGA,PAN,3673,0.8
2015,Braga,BRAGA,L/TDA,2336,0.5
2015,Braga,BRAGA,PNR,1834,0.4
2015,Braga,BRAGA,MPT,1609,0.3
2015,Braga,BRAGA,PTP-MAS,1621,0.3
2015,Braga,BRAGA,NC,974,0.2
2015,Braga,BRAGA,PPV/CDC,995,0.2
2015,Braga,BRAGA,PPM,883,0.2
2015,Braga,BRAGA,PUURP,882,0.2
2015,Braga,BRAGA,JPP,631,0.1
2015,Bragança,BRAGANÃ‡A,PPD/PSD.CDS-PP,34347,49.5
2015,Bragança,BRAGANÃ‡A,PS,23518,33.9
2015,Bragança,BRAGANÃ‡A,B.E.,3864,5.6
2015,Bragança,BRAGANÃ‡A,PCP-PEV,2134,3.1
2015,Bragança,BRAGANÃ‡A,PDR,550,0.8
2015,Bragança,BRAGANÃ‡A,PCTP/MRPP,534,0.8
2015,Bragança,BRAGANÃ‡A,PAN,383,0.6
2015,Bragança,BRAGANÃ‡A,PTP-MAS,285,0.4
2015,Bragança,BRAGANÃ‡A,L/TDA,252,0.4
2015,Bragança,BRAGANÃ‡A,PPM,232,0.3
2015,Bragança,BRAGANÃ‡A,MPT,221,0.3
2015,Bragança,BRAGANÃ‡A,PNR,190,0.3
2015,Bragança,BRAGANÃ‡A,NC,161,0.2
2015,Bragança,BRAGANÃ‡A,JPP,123,0.2
2015,Bragança,BRAGANÃ‡A,PPV/CDC,,0
2015,Bragança,BRAGANÃ‡A,PUURP,,0
2015,Castelo Branco,CASTELO BRANCO,PS,40502,38.9
2015,Castelo Branco,CASTELO BRANCO,PPD/PSD.CDS-PP,36803,35.3
2015,Castelo Branco,CASTELO BRANCO,B.E.,10450,10
2015,Castelo Branco,CASTELO BRANCO,PCP-PEV,6286,6
2015,Castelo Branco,CASTELO BRANCO,PCTP/MRPP,1080,1
2015,Castelo Branco,CASTELO BRANCO,PDR,1086,1
2015,Castelo Branco,CASTELO BRANCO,PAN,860,0.8
2015,Castelo Branco,CASTELO BRANCO,L/TDA,507,0.5
2015,Castelo Branco,CASTELO BRANCO,PNR,508,0.5
2015,Castelo Branco,CASTELO BRANCO,PPM,496,0.5
2015,Castelo Branco,CASTELO BRANCO,MPT,464,0.5
2015,Castelo Branco,CASTELO BRANCO,PTP-MAS,374,0.4
2015,Castelo Branco,CASTELO BRANCO,NC,267,0.3
2015,Castelo Branco,CASTELO BRANCO,PUURP,272,0.3
2015,Castelo Branco,CASTELO BRANCO,JPP,,0
2015,Castelo Branco,CASTELO BRANCO,PPV/CDC,,0
2015,Coimbra,COIMBRA,PPD/PSD.CDS-PP,81880,37.2
2015,Coimbra,COIMBRA,PS,77688,35.3
2015,Coimbra,COIMBRA,B.E.,21773,9.9
2015,Coimbra,COIMBRA,PCP-PEV,15476,7
2015,Coimbra,COIMBRA,PDR,3626,1.7
2015,Coimbra,COIMBRA,PAN,2165,1
2015,Coimbra,COIMBRA,PCTP/MRPP,1889,0.9
2015,Coimbra,COIMBRA,L/TDA,1292,0.6
2015,Coimbra,COIMBRA,PNR,1099,0.5
2015,Coimbra,COIMBRA,PTP-MAS,1081,0.5
2015,Coimbra,COIMBRA,MPT,851,0.4
2015,Coimbra,COIMBRA,NC,683,0.3
2015,Coimbra,COIMBRA,PPM,526,0.2
2015,Coimbra,COIMBRA,PUURP,451,0.2
2015,Coimbra,COIMBRA,JPP,272,0.1
2015,Coimbra,COIMBRA,PPV/CDC,,0
2015,Évora,Ã‰VORA,PS,31894,37.6
2015,Évora,Ã‰VORA,PPD/PSD.CDS-PP,20180,23.8
2015,Évora,Ã‰VORA,PCP-PEV,18584,21.9
2015,Évora,Ã‰VORA,B.E.,7319,8.6
2015,Évora,Ã‰VORA,PCTP/MRPP,1257,1.5
2015,Évora,Ã‰VORA,PAN,727,0.9
2015,Évora,Ã‰VORA,PDR,447,0.5
2015,Évora,Ã‰VORA,PPM,369,0.4
2015,Évora,Ã‰VORA,L/TDA,357,0.4
2015,Évora,Ã‰VORA,PNR,280,0.3
2015,Évora,Ã‰VORA,MPT,243,0.3
2015,Évora,Ã‰VORA,PTP-MAS,231,0.3
2015,Évora,Ã‰VORA,NC,219,0.3
2015,Évora,Ã‰VORA,PUURP,155,0.2
2015,Évora,Ã‰VORA,JPP,,0
2015,Évora,Ã‰VORA,PPV/CDC,,0
2015,Faro,FARO,PS,62425,32.8
2015,Faro,FARO,PPD/PSD.CDS-PP,59957,31.5
2015,Faro,FARO,B.E.,26926,14.1
2015,Faro,FARO,PCP-PEV,16541,8.7
2015,Faro,FARO,PAN,3783,2
2015,Faro,FARO,PCTP/MRPP,3011,1.6
2015,Faro,FARO,PDR,2323,1.2
2015,Faro,FARO,L/TDA,1436,0.8
2015,Faro,FARO,PNR,1343,0.7
2015,Faro,FARO,NC,1337,0.7
2015,Faro,FARO,MPT,1222,0.6
2015,Faro,FARO,PTP-MAS,1220,0.6
2015,Faro,FARO,PUURP,886,0.5
2015,Faro,FARO,PPM,755,0.4
2015,Faro,FARO,JPP,,0
2015,Faro,FARO,PPV/CDC,,0
2015,Guarda,GUARDA,PPD/PSD.CDS-PP,39018,45.6
2015,Guarda,GUARDA,PS,28867,33.7
2015,Guarda,GUARDA,B.E.,6348,7.4
2015,Guarda,GUARDA,PCP-PEV,3380,4
2015,Guarda,GUARDA,PDR,957,1.1
2015,Guarda,GUARDA,PAN,734,0.9
2015,Guarda,GUARDA,PCTP/MRPP,690,0.8
2015,Guarda,GUARDA,PNR,391,0.5
2015,Guarda,GUARDA,MPT,299,0.4
2015,Guarda,GUARDA,L/TDA,289,0.3
2015,Guarda,GUARDA,PTP-MAS,278,0.3
2015,Guarda,GUARDA,PPM,214,0.3
2015,Guarda,GUARDA,NC,182,0.2
2015,Guarda,GUARDA,PUURP,143,0.2
2015,Guarda,GUARDA,JPP,82,0.1
2015,Guarda,GUARDA,PPV/CDC,,0
2015,Leiria,LEIRIA,PPD/PSD.CDS-PP,114829,48.4
2015,Leiria,LEIRIA,PS,58878,24.8
2015,Leiria,LEIRIA,B.E.,22946,9.7
2015,Leiria,LEIRIA,PCP-PEV,12070,5.1
2015,Leiria,LEIRIA,PDR,4046,1.7
2015,Leiria,LEIRIA,PAN,2884,1.2
2015,Leiria,LEIRIA,PCTP/MRPP,2493,1.1
2015,Leiria,LEIRIA,L/TDA,1780,0.8
2015,Leiria,LEIRIA,MPT,1186,0.5
2015,Leiria,LEIRIA,PNR,1079,0.5
2015,Leiria,LEIRIA,PTP-MAS,914,0.4
2015,Leiria,LEIRIA,NC,831,0.4
2015,Leiria,LEIRIA,PPM,706,0.3
2015,Leiria,LEIRIA,PUURP,616,0.3
2015,Leiria,LEIRIA,JPP,369,0.2
2015,Leiria,LEIRIA,PPV/CDC,,0
2015,Lisboa,LISBOA,PPD/PSD.CDS-PP,399597,34.7
2015,Lisboa,LISBOA,PS,386437,33.5
2015,Lisboa,LISBOA,B.E.,125469,10.9
2015,Lisboa,LISBOA,PCP-PEV,113437,9.9
2015,Lisboa,LISBOA,PAN,22628,2
2015,Lisboa,LISBOA,L/TDA,14687,1.3
2015,Lisboa,LISBOA,PCTP/MRPP,11090,1
2015,Lisboa,LISBOA,PDR,10250,0.9
2015,Lisboa,LISBOA,PNR,7187,0.6
2015,Lisboa,LISBOA,MPT,5079,0.4
2015,Lisboa,LISBOA,PTP-MAS,5039,0.4
2015,Lisboa,LISBOA,PUURP,4001,0.4
2015,Lisboa,LISBOA,NC,3744,0.3
2015,Lisboa,LISBOA,PPM,2823,0.3
2015,Lisboa,LISBOA,JPP,1561,0.1
2015,Lisboa,LISBOA,PPV/CDC,,0
2015,Portalegre,PORTALEGRE,PS,25039,42.4
2015,Portalegre,PORTALEGRE,PPD/PSD.CDS-PP,16302,27.6
2015,Portalegre,PORTALEGRE,PCP-PEV,7186,12.2
2015,Portalegre,PORTALEGRE,B.E.,5420,9.2
2015,Portalegre,PORTALEGRE,PCTP/MRPP,1001,1.7
2015,Portalegre,PORTALEGRE,PAN,468,0.8
2015,Portalegre,PORTALEGRE,PDR,327,0.6
2015,Portalegre,PORTALEGRE,PNR,217,0.4
2015,Portalegre,PORTALEGRE,PTP-MAS,210,0.4
2015,Portalegre,PORTALEGRE,L/TDA,190,0.3
2015,Portalegre,PORTALEGRE,PPM,183,0.3
2015,Portalegre,PORTALEGRE,MPT,154,0.3
2015,Portalegre,PORTALEGRE,PUURP,147,0.3
2015,Portalegre,PORTALEGRE,NC,144,0.2
2015,Portalegre,PORTALEGRE,JPP,,0
2015,Portalegre,PORTALEGRE,PPV/CDC,,0
2015,Porto,PORTO,PPD/PSD.CDS-PP,380069,39.6
2015,Porto,PORTO,PS,314121,32.7
2015,Porto,PORTO,B.E.,106887,11.1
2015,Porto,PORTO,PCP-PEV,65597,6.8
2015,Porto,PORTO,PAN,15307,1.6
2015,Porto,PORTO,PDR,10679,1.1
2015,Porto,PORTO,PCTP/MRPP,10287,1.1
2015,Porto,PORTO,L/TDA,5012,0.5
2015,Porto,PORTO,PNR,4752,0.5
2015,Porto,PORTO,MPT,3443,0.4
2015,Porto,PORTO,PTP-MAS,2787,0.3
2015,Porto,PORTO,NC,2713,0.3
2015,Porto,PORTO,PPM,2392,0.3
2015,Porto,PORTO,PUURP,1614,0.2
2015,Porto,PORTO,JPP,1231,0.1
2015,Porto,PORTO,PPV/CDC,,0
2015,Santarém,SANTARÃ‰M,PPD/PSD.CDS-PP,81530,35.8
2015,Santarém,SANTARÃ‰M,PS,74852,32.9
2015,Santarém,SANTARÃ‰M,B.E.,24481,10.8
2015,Santarém,SANTARÃ‰M,PCP-PEV,21960,9.7
2015,Santarém,SANTARÃ‰M,PCTP/MRPP,3058,1.3
2015,Santarém,SANTARÃ‰M,PAN,2722,1.2
2015,Santarém,SANTARÃ‰M,PDR,2373,1
2015,Santarém,SANTARÃ‰M,L/TDA,1237,0.5
2015,Santarém,SANTARÃ‰M,PNR,1206,0.5
2015,Santarém,SANTARÃ‰M,MPT,1036,0.5
2015,Santarém,SANTARÃ‰M,NC,932,0.4
2015,Santarém,SANTARÃ‰M,PTP-MAS,930,0.4
2015,Santarém,SANTARÃ‰M,PPM,821,0.4
2015,Santarém,SANTARÃ‰M,PUURP,827,0.4
2015,Santarém,SANTARÃ‰M,PPV/CDC,492,0.2
2015,Santarém,SANTARÃ‰M,JPP,,0
2015,Setúbal,SETÃšBAL,PS,145607,34.4
2015,Setúbal,SETÃšBAL,PPD/PSD.CDS-PP,95670,22.6
2015,Setúbal,SETÃšBAL,PCP-PEV,79511,18.8
2015,Setúbal,SETÃšBAL,B.E.,55372,13.1
2015,Setúbal,SETÃšBAL,PAN,8170,1.9
2015,Setúbal,SETÃšBAL,PCTP/MRPP,6729,1.6
2015,Setúbal,SETÃšBAL,L/TDA,4263,1
2015,Setúbal,SETÃšBAL,PDR,4142,1
2015,Setúbal,SETÃšBAL,PNR,2681,0.6
2015,Setúbal,SETÃšBAL,PTP-MAS,1801,0.4
2015,Setúbal,SETÃšBAL,MPT,1592,0.4
2015,Setúbal,SETÃšBAL,PUURP,1610,0.4
2015,Setúbal,SETÃšBAL,NC,1574,0.4
2015,Setúbal,SETÃšBAL,PPM,1024,0.2
2015,Setúbal,SETÃšBAL,JPP,559,0.1
2015,Setúbal,SETÃšBAL,PPV/CDC,,0
2015,Viana Do Castelo,VIANA DO CASTELO,PPD/PSD.CDS-PP,58515,45.5
2015,Viana Do Castelo,VIANA DO CASTELO,PS,38311,29.8
2015,Viana Do Castelo,VIANA DO CASTELO,B.E.,10237,8
2015,Viana Do Castelo,VIANA DO CASTELO,PCP-PEV,6722,5.2
2015,Viana Do Castelo,VIANA DO CASTELO,PDR,2399,1.9
2015,Viana Do Castelo,VIANA DO CASTELO,PCTP/MRPP,1117,0.9
2015,Viana Do Castelo,VIANA DO CASTELO,PAN,1086,0.9
2015,Viana Do Castelo,VIANA DO CASTELO,NC,1037,0.8
2015,Viana Do Castelo,VIANA DO CASTELO,PTP-MAS,960,0.8
2015,Viana Do Castelo,VIANA DO CASTELO,PNR,563,0.4
2015,Viana Do Castelo,VIANA DO CASTELO,PPM,535,0.4
2015,Viana Do Castelo,VIANA DO CASTELO,L/TDA,453,0.4
2015,Viana Do Castelo,VIANA DO CASTELO,MPT,447,0.4
2015,Viana Do Castelo,VIANA DO CASTELO,PPV/CDC,396,0.3
2015,Viana Do Castelo,VIANA DO CASTELO,PUURP,209,0.2
2015,Viana Do Castelo,VIANA DO CASTELO,JPP,161,0.1
2015,Vila Real,VILA REAL,PPD/PSD.CDS-PP,56262,51
2015,Vila Real,VILA REAL,PS,36462,33.1
2015,Vila Real,VILA REAL,B.E.,5697,5.2
2015,Vila Real,VILA REAL,PCP-PEV,3262,3
2015,Vila Real,VILA REAL,PCTP/MRPP,1010,0.9
2015,Vila Real,VILA REAL,PDR,804,0.7
2015,Vila Real,VILA REAL,PAN,664,0.6
2015,Vila Real,VILA REAL,PTP-MAS,518,0.5
2015,Vila Real,VILA REAL,L/TDA,383,0.4
2015,Vila Real,VILA REAL,PPM,318,0.3
2015,Vila Real,VILA REAL,MPT,301,0.3
2015,Vila Real,VILA REAL,NC,279,0.3
2015,Vila Real,VILA REAL,PNR,280,0.3
2015,Vila Real,VILA REAL,PUURP,153,0.1
2015,Vila Real,VILA REAL,JPP,,0
2015,Vila Real,VILA REAL,PPV/CDC,,0
2015,Viseu,VISEU,PPD/PSD.CDS-PP,97381,51.1
2015,Viseu,VISEU,PS,56553,29.7
2015,Viseu,VISEU,B.E.,12822,6.7
2015,Viseu,VISEU,PCP-PEV,6672,3.5
2015,Viseu,VISEU,PDR,1953,1
2015,Viseu,VISEU,PCTP/MRPP,1744,0.9
2015,Viseu,VISEU,PAN,1297,0.7
2015,Viseu,VISEU,L/TDA,1003,0.5
2015,Viseu,VISEU,PTP-MAS,722,0.4
2015,Viseu,VISEU,MPT,679,0.4
2015,Viseu,VISEU,PNR,608,0.3
2015,Viseu,VISEU,NC,535,0.3
2015,Viseu,VISEU,PPM,533,0.3
2015,Viseu,VISEU,PUURP,387,0.2
2015,Viseu,VISEU,JPP,,0
2015,Viseu,VISEU,PPV/CDC,,0
2015,Portugal,PORTUGAL,PPD/PSD.CDS-PP,1993504,36.9
2015,Portugal,PORTUGAL,PS,1747730,32.3
2015,Portugal,PORTUGAL,B.E.,550945,10.2
2015,Portugal,PORTUGAL,PCP-PEV,445901,8.3
2015,Portugal,PORTUGAL,PPD/PSD,80841,1.5
2015,Portugal,PORTUGAL,PAN,75170,1.4
2015,Portugal,PORTUGAL,PDR,61920,1.1
2015,Portugal,PORTUGAL,PCTP/MRPP,60045,1.1
2015,Portugal,PORTUGAL,L/TDA,39330,0.7
2015,Portugal,PORTUGAL,PNR,27286,0.5
2015,Portugal,PORTUGAL,MPT,22627,0.4
2015,Portugal,PORTUGAL,NC,21382,0.4
2015,Portugal,PORTUGAL,PTP-MAS,20793,0.4
2015,Portugal,PORTUGAL,PPM,14916,0.3
2015,Portugal,PORTUGAL,JPP,14275,0.3
2015,Portugal,PORTUGAL,PUURP,13899,0.3
2015,Portugal,PORTUGAL,CDS-PP,7496,0.1
2015,Portugal,PORTUGAL,CDS-PP.PPM,3624,0.1
2015,Portugal,PORTUGAL,PPV/CDC,2685,0.1
2015,Portugal,PORTUGAL,PTP,1744,0
